OBJECTID,CATAREA,CUM_AREA,nzsegment,LENGTHDOWN,Headwater,Hydseq,StreamOrde,euclid_dis,upElev,downElev,upcoordX,downcoordX,downcoordY,upcoordY,sinuosity,nzreach_re,headw_dist,segslpmean,LID,reachtype,FROM_NODE,TO_NODE,Shape_Leng,Shape_Le_1,FLOWDIR,REGC2017,REGC2017_N,AREA_SQ_KM,LAND_SQ_KM,BioR__OBJE,BioR__BioR,BioR__Hect,BioR__Glob,BioR__Bi_1,BioR__SHAP,BioR__SH_1,EcoD_OBJEC,EcoD_ECOLO,EcoD_ECO_1,EcoD_ECO_2,EcoD_SHAPE,EcoD_SHA_1,name_2,RID,NAME,REG_COUNCL,CLASS,SUBCLASS,NZTM_N,NZTM_E,WIDTH_OF_M,SHLN_PERIM,SURFC_AREA,INTRTDL_AR,MEAN_DEPTH,TOTAL_VOL,TDAL_RANGE,TDAL_PRISM,CATCHMT_AR,R_INFL_VOL,n,distance,feature_x,feature_y,nearest_x,nearest_y
"2919",179829.428772050654516,100094104.000000000000000,"1002974",0.000000000000000,"0","5428","5",47.434164902500001,7.257469177250000,2.671442508700000,1643933.618800000054762,1643888.681700000073761,6124541.772499999962747,6124556.889700000174344,1.079158609410000,"1002774","27327",5.522304885460000,"0","0","3405","3406",51.188987434600001,51.188987434584959,"1","01",Northland Region,30084.25666220000,12500.31973910000,"416",North Eastern,"3809993",{2399417F-F307-441B-9243-D0AE87325049},North Eastern,6140862.133905312046409,38099933256.712272644042969,"1051","5.01",Maungataniwha,Western Northland,186731.942798262694851,-980998575.285339832305908,Oruru River,"1",Taipa River,NRC,7. Tidal lagoon,7A. Permanently open,6127651.834999999962747,1642996.294999999925494,104.000000000000000,23568.000000000000000,1546947.999999999767169,52.000000000000000,2.000000000000000,3706197.000000000000000,2.000000000000000,2234740.000000000000000,126.000000000000000,292069.000000000000000,"1",3235.559164224345295,1643888.681700000073761,6124541.772499999962747,1642996.295104980468750,6127651.835083007812500
"3868",83628.335945288301446,114092456.000000000000000,"1003923",0.000000000000000,"0","6204","5",75.000000000000000,3.185401439670000,0.000000000000000,1668869.329699999885634,1668794.361999999964610,6118387.606999999843538,6118387.809700000099838,0.999572987103000,"1003594","25394",2.432006676950000,"0","0","4435","4436",74.967974032699999,74.967974032704547,"1","01",Northland Region,30084.25666220000,12500.31973910000,"416",North Eastern,"3809993",{2399417F-F307-441B-9243-D0AE87325049},North Eastern,6140862.133905312046409,38099933256.712272644042969,"1050","3.01",Whangaroa,Western Northland,134974.542002966889413,-337668162.697240531444550,Kaeo River,"2",Whangaroa Harbour,NRC,9. Deep drowned valley,,6125865.728000000119209,1669194.387999999802560,297.000000000000000,103346.000000000000000,25401380.000000000000000,32.000000000000000,4.000000000000000,109346708.000000000000000,1.900000000000000,41307851.000000000000000,256.000000000000000,697867.000000000000000,"1",7488.812717059291572,1668794.361999999964610,6118387.606999999843538,1669194.388122558593750,6125865.728088378906250
"4364",397482.391473970259540,66053828.000000000000000,"1004393",0.000000000000000,"0","4729","5",405.132077229000004,16.841577529900000,2.910977363590000,1684171.735000000335276,1684485.925700000021607,6115416.049999999813735,6115160.309899999760091,1.037825632590000,"1004056","18624",1.969359076950000,"0","0","4945","4946",420.456454333000011,420.456454332860346,"1","01",Northland Region,30084.25666220000,12500.31973910000,"416",North Eastern,"3809993",{2399417F-F307-441B-9243-D0AE87325049},North Eastern,6140862.133905312046409,38099933256.712272644042969,"1052","3.02",Kerikeri,Eastern Northland,330019.347415063995868,-665865615.772764205932617,Takou River,"3",Takou River,NRC,7. Tidal lagoon,7A. Permanently open,6115453.106999998912215,1685867.648000000044703,616.000000000000000,9495.000000000000000,589550.000000000000000,57.000000000000000,2.000000000000000,1064981.000000000000000,1.900000000000000,811887.000000000000000,73.000000000000000,175315.000000000000000,"1",1382.219208815549337,1684485.925700000021607,6115416.049999999813735,1685867.648071289062500,6115453.107116699218750
"6887",1296745.744615604635328,99360560.000000000000000,"1006886",0.000000000000000,"0","7952","5",1035.113520339999923,37.893459320100000,3.766536951070000,1686604.683500000042841,1687639.140399999916553,6102469.611200000159442,6102421.891800000332296,1.477248769170000,"1006289","24775",1.888315899000000,"0","0","7589","7590",1529.120173880000038,1529.120173881590745,"1","01",Northland Region,30084.25666220000,12500.31973910000,"416",North Eastern,"3809993",{2399417F-F307-441B-9243-D0AE87325049},North Eastern,6140862.133905312046409,38099933256.712272644042969,"1052","3.02",Kerikeri,Eastern Northland,330019.347415063995868,-665865615.772764205932617,Kerikeri River,"4",Te Puna /Kerikeri Inlet System,NRC,9. Deep drowned valley,,6103988.265999999828637,1697362.746000000042841,1910.000000000000000,136250.000000000000000,35776929.000000000000000,11.000000000000000,5.000000000000000,175541487.000000000000000,1.900000000000000,64786580.000000007450581,258.000000000000000,711342.000000000116415,"1",9841.484666104084681,1687639.140399999916553,6102469.611200000159442,1697362.746093750000000,6103988.266113281250000
"7725",114183.494177817978198,148221200.000000000000000,"1007803",0.000000000000000,"0","7776","5",80.777472106999994,7.850646972660000,2.153864383700000,1649042.033400000073016,1649117.075399999972433,6098513.771999999880791,6098543.555399999953806,1.081760416330000,"1006840","20517",4.034072571610001,"0","0","8447","8454",87.381871856299995,87.381871856321226,"1","01",Northland Region,30084.25666220000,12500.31973910000,"415",Western North Island,"1457231",{FA1D5DC5-E5DF-4C1D-B636-BDCD9EC4AB7D},Western North Island,3273685.956958715338260,14572310124.708490371704102,"1056","5.03",Hokianga,Western Northland,243495.514311923878267,-863588897.533495187759399,Pakahau Stream,"5",Taipa River,NRC,7. Tidal lagoon,7A. Permanently open,6127651.834999999962747,1642996.294999999925494,104.000000000000000,23568.000000000000000,1546947.999999999767169,52.000000000000000,2.000000000000000,3706197.000000000000000,2.000000000000000,2234740.000000000000000,126.000000000000000,292069.000000000000000,"1",29773.993209666194161,1649117.075399999972433,6098513.771999999880791,1642996.295104980468750,6127651.835083007812500
"8372",67447.109547089872649,300887072.000000000000000,"1008441",0.000000000000000,"0","11729","5",135.830777071999989,11.601414680500000,3.958426237110000,1695469.131100000115111,1695604.117099999915808,6095593.324500000104308,6095607.964499999769032,1.039218634710000,"1007669","37362",3.220550306010000,"0","0","9167","9168",141.157874700000008,141.157874700035762,"1","01",Northland Region,30084.25666220000,12500.31973910000,"416",North Eastern,"3809993",{2399417F-F307-441B-9243-D0AE87325049},North Eastern,6140862.133905312046409,38099933256.712272644042969,"1052","3.02",Kerikeri,Eastern Northland,330019.347415063995868,-665865615.772764205932617,Waitangi River,"6",Opua Inlet System,NRC,9. Deep drowned valley,,6099497.872000000439584,1699962.632999999914318,3756.000000000000000,235777.000000000000000,52132097.000000007450581,20.000000000000000,4.000000000000000,201871822.000000000000000,1.900000000000000,90004189.000000000000000,953.000000000000000,2450404.000000000000000,"1",5851.679554210869355,1695604.117099999915808,6095593.324500000104308,1699962.633117675781250,6099497.872070312500000
"9446",458542.533289469894953,279466272.000000000000000,"1009480",0.000000000000000,"0","9588","5",593.998316496000029,9.201856613160000,1.668632745740000,1657097.951600000029430,1656512.966699999989942,6091172.190200000070035,6091068.792999999597669,1.296209766250000,"1008535","37336",0.726599617806000,"0","0","10290","10330",769.946418977000008,769.946418976917357,"1","01",Northland Region,30084.25666220000,12500.31973910000,"415",Western North Island,"1457231",{FA1D5DC5-E5DF-4C1D-B636-BDCD9EC4AB7D},Western North Island,3273685.956958715338260,14572310124.708490371704102,"1056","5.03",Hokianga,Western Northland,243495.514311923878267,-863588897.533495187759399,Waihou River (Northland),"7",Hokianga Harbour System,NRC,8. Shallow drowned valley,,6068288.910000000149012,1632830.578999999910593,1466.000000000000000,340748.000000000000000,106497969.000000000000000,49.000000000000000,5.000000000000000,482972423.000000000000000,2.700000000000000,216172096.000000000000000,1605.000000000000000,4274573.000000000000000,"1",32931.747459202422760,1656512.966699999989942,6091172.190200000070035,1632830.579101562500000,6068288.910095214843750
"9594",397321.952523441228550,197935920.000000000000000,"1009621",0.000000000000000,"0","10679","5",347.794479541999976,12.670190811199999,0.000000000000000,1625167.955300000030547,1624823.042399999918416,6090127.949799999594688,6090083.907999999821186,1.934034900590000,"1008661","46359",2.086369590510000,"0","0","10498","10499",672.646661666999989,672.646661666624141,"1","01",Northland Region,30084.25666220000,12500.31973910000,"415",Western North Island,"1457231",{FA1D5DC5-E5DF-4C1D-B636-BDCD9EC4AB7D},Western North Island,3273685.956958715338260,14572310124.708490371704102,"1056","5.03",Hokianga,Western Northland,243495.514311923878267,-863588897.533495187759399,Rotokakahi River,"8",Whangapae Harbour System,NRC,8. Shallow drowned valley,,6084767.671999999321997,1619705.033000000054017,515.000000000000000,56607.000000000000000,10133520.000000000000000,67.000000000000000,2.000000000000000,24626719.000000000000000,2.700000000000000,17954810.000000000000000,301.000000000000000,681195.000000000000000,"1",7411.247951912352619,1624823.042399999918416,6090127.949799999594688,1619705.033081054454669,6084767.672119140625000
"16398",43148.012405298213707,133087919.999999985098839,"1016488",0.000000000000000,"0","16535","5",45.000000000000000,4.424015045170000,0.000000000000000,1637356.628899999661371,1637311.656200000084937,6061303.235299999825656,6061303.351200000382960,0.999396652080000,"1015042","32967",5.614790059660000,"0","0","17636","17637",44.972849343599997,44.972849343609234,"1","01",Northland Region,30084.25666220000,12500.31973910000,"415",Western North Island,"1457231",{FA1D5DC5-E5DF-4C1D-B636-BDCD9EC4AB7D},Western North Island,3273685.956958715338260,14572310124.708490371704102,"1060","5.04",Tutamoe,Western Northland,206261.569176885124762,-817197507.869342207908630,Waimamaku River,"9",Waimaukau River,NRC,6. Tidal river mouth,6B. Spit enclosed,6061245.649000000208616,1637216.196999999927357,238.000000000000000,6634.000000000000000,230951.000000000000000,32.000000000000000,3.000000000000000,678376.000000000000000,2.700000000000000,521306.000000000000000,132.000000000000000,387890.000000000000000,"1",111.483687224102084,1637311.656200000084937,6061303.235299999825656,1637216.197082519531250,6061245.649108886718750
"18601",2696.817299567243481,112368824.000000000000000,"1018671",0.000000000000000,"0","19023","5",21.213203435600001,1.185114741330000,0.000000000000000,1643376.336700000101700,1643361.383600000059232,6052189.118400000035763,6052204.147599999792874,0.999413219211000,"1017048","29010",3.197611630050000,"0","0","19891","19892",21.200755935299998,21.200755935344453,"1","01",Northland Region,30084.25666220000,12500.31973910000,"415",Western North Island,"1457231",{FA1D5DC5-E5DF-4C1D-B636-BDCD9EC4AB7D},Western North Island,3273685.956958715338260,14572310124.708490371704102,"1060","5.04",Tutamoe,Western Northland,206261.569176885124762,-817197507.869342207908630,Waipoua River,"10",Waipoua River,NRC,6. Tidal river mouth,6B. Spit enclosed,6052356.440000000409782,1643231.351999999955297,52.000000000000000,6196.000000000000000,134637.000000000000000,22.000000000000000,3.000000000000000,428204.000000000000000,2.700000000000000,322823.000000000058208,114.000000000000000,346831.000000000058208,"1",211.907402921226463,1643361.383600000059232,6052189.118400000035763,1643231.352111816406250,6052356.440124510787427
"23557",116033.100831133473548,80163760.000000000000000,"1023593",0.000000000000000,"0","24159","5",255.440795489000010,12.681473732000001,2.454727888110000,1731446.821299999952316,1731282.343600000021979,6028207.006600000895560,6028402.351300000213087,1.168202100750000,"1021797","19633",2.292651884110000,"0","0","24996","25019",298.406473907000020,298.406473907387237,"1","01",Northland Region,30084.25666220000,12500.31973910000,"416",North Eastern,"3809993",{2399417F-F307-441B-9243-D0AE87325049},North Eastern,6140862.133905312046409,38099933256.712272644042969,"1064","3.09",Waipu,Eastern Northland,142884.010188253858360,-502591891.357703745365143,Ruakaka River,"11",Ruakaka River,NRC,7. Tidal lagoon,7A. Permanently open,6026002.580000000074506,1731986.267999999923632,1003.000000000000000,19498.000000000000000,827301.000000000000000,50.000000000000000,3.000000000000000,2070573.000000000000000,2.000000000000000,1250387.000000000000000,92.000000000000000,207483.000000000000000,"1",2314.088596118012447,1731282.343600000021979,6028207.006600000895560,1731986.268127441406250,6026002.580078125000000
"29550",422781.626010471081827,98280320.000000000000000,"1029514",0.000000000000000,"0","29493","5",615.780805157000032,0.800995171070000,0.000000000000000,1732496.558799999998882,1732527.961799999931827,5989760.355899999849498,5990375.127000000327826,1.099348316320000,"1026610","26823",0.074529171506800,"0","0","31330","31426",676.957591371000035,676.957591371042099,"1","01",Northland Region,30084.25666220000,12500.31973910000,"415",Western North Island,"1457231",{FA1D5DC5-E5DF-4C1D-B636-BDCD9EC4AB7D},Western North Island,3273685.956958715338260,14572310124.708490371704102,"1067","6.02",Otamatea,Kaipara,170919.135211348591838,-833259269.030669689178467,Topuni River,"12",Kaipara Harbour System,AC/NRC,8. Shallow drowned valley,7A. Permanently open,6005087.299999999813735,1744178.328999999910593,1438.000000000000000,39324.000000000000000,4830618.000000000000000,67.000000000000000,2.000000000000000,9718917.000000000000000,2.000000000000000,6562592.000000000000000,12.000000000000000,21967.000000000000000,"1",19252.175904909669043,1732527.961799999931827,5989760.355899999849498,1744178.329101562500000,6005087.300109863281250
"33475",533449.218169765779749,74682024.000000000000000,"2033472",0.000000000000000,"0","34013","5",678.670759646999954,19.621728897099999,0.000000000000000,1731526.603899999987334,1730912.360899999970570,5954185.464399999938905,5954471.715900000184774,1.403093429370000,"2002821","19367",1.656074823770000,"0","0","35871","35925",952.238483564000035,952.238483563965701,"1","02",Auckland Region,16156.60956730000,4941.62240071000,"415",Western North Island,"1457231",{FA1D5DC5-E5DF-4C1D-B636-BDCD9EC4AB7D},Western North Island,3273685.956958715338260,14572310124.708490371704102,"1068","9.01",Eastern Northland,Rodney,501479.289197796664666,-1781314799.040272951126099,Makarau River,"13",Orewa River,AC,7. Tidal lagoon,7A. Permanently open,5948376.922000000253320,1752266.885000000009313,296.000000000000000,15495.000000000000000,1280293.000000000000000,89.000000000000000,1.000000000000000,1899475.000000000000000,2.500000000000000,1758642.000000000000000,28.000000000000000,61644.000000000000000,"1",22130.405915614075639,1730912.360899999970570,5954185.464399999938905,1752266.885070800781250,5948376.922119140625000
"34675",231191.352607308625011,119195856.000000000000000,"2034672",0.000000000000000,"0","35096","5",405.241903064999974,5.189983367920000,1.460790514950000,1729149.386100000003353,1729135.238799999933690,5943594.166600000113249,5943999.101900001056492,1.137124308520000,"2003651","24391",0.527243246974000,"0","0","37215","37274",460.810418804999983,460.810418804715255,"1","02",Auckland Region,16156.60956730000,4941.62240071000,"415",Western North Island,"1457231",{FA1D5DC5-E5DF-4C1D-B636-BDCD9EC4AB7D},Western North Island,3273685.956958715338260,14572310124.708490371704102,"1063","6.03",Kaipara,Kaipara,392403.506791917607188,-1979297746.234199047088623,Kaukapakapa River,"14",Orewa River,AC,7. Tidal lagoon,7A. Permanently open,5948376.922000000253320,1752266.885000000009313,296.000000000000000,15495.000000000000000,1280293.000000000000000,89.000000000000000,1.000000000000000,1899475.000000000000000,2.500000000000000,1758642.000000000000000,28.000000000000000,61644.000000000000000,"1",23620.918897310573811,1729135.238799999933690,5943594.166600000113249,1752266.885070800781250,5948376.922119140625000
"34743",254580.076749762520194,266269648.000000000000000,"2034779",0.000000000000000,"0","38103","5",147.732867026999998,2.409440755840000,0.000000000000000,1728911.768600000068545,1728851.500299999956042,5943023.705199999734759,5942888.862900000065565,1.081784602360000,"2003761","52773",0.934379735380000,"0","0","37357","37358",159.815140812000010,159.815140812068989,"1","02",Auckland Region,16156.60956730000,4941.62240071000,"415",Western North Island,"1457231",{FA1D5DC5-E5DF-4C1D-B636-BDCD9EC4AB7D},Western North Island,3273685.956958715338260,14572310124.708490371704102,"1063","6.03",Kaipara,Kaipara,392403.506791917607188,-1979297746.234199047088623,Kaipara River,"15",Lucas Creek (WHS),ARC,8. Shallow drowned valley,,5929171.987999999895692,1748215.725000000093132,407.000000000000000,18372.000000000000000,1515016.000000000000000,87.000000000000000,2.000000000000000,2321528.000000000000000,2.700000000000000,2321528.000000000000000,35.000000000000000,68503.000000000000000,"1",23808.470523828171281,1728851.500299999956042,5943023.705199999734759,1748215.725097656250000,5929171.988098144531250
"36274",548820.648049563751556,97799312.000000000000000,"2036264",0.000000000000000,"0","36435","5",509.722473508999997,19.964809417700000,0.000000000000000,1742582.888800000073388,1742793.808299999916926,5930934.986299999989569,5931399.478699999861419,1.381148029400000,"2004741","23157",2.243015288240000,"0","0","38959","39019",704.002189830000020,704.002189829890767,"1","02",Auckland Region,16156.60956730000,4941.62240071000,"416",North Eastern,"3809993",{2399417F-F307-441B-9243-D0AE87325049},North Eastern,6140862.133905312046409,38099933256.712272644042969,"345","09.03",Tamaki,Auckland,398311.613391931401566,-585340314.727214694023132,Rangitopuni Stream,"16",Lucas Creek (WHS),ARC,8. Shallow drowned valley,,5929171.987999999895692,1748215.725000000093132,407.000000000000000,18372.000000000000000,1515016.000000000000000,87.000000000000000,2.000000000000000,2321528.000000000000000,2.700000000000000,2321528.000000000000000,35.000000000000000,68503.000000000000000,"1",5701.345842908803206,1742793.808299999916926,5930934.986299999989569,1748215.725097656250000,5929171.988098144531250
"36589",28815.177940016059438,42079004.000000000000000,"3036635",0.000000000000000,"0","37567","5",87.464278422700005,3.311213731770000,1.732136249540000,1833012.435800000093877,1833087.357699999818578,5929024.792700000107288,5928979.618300000205636,1.070884920710000,"3001001","11130",1.034304303770000,"0","0","39395","39396",93.664176863700007,93.664176863660288,"1","03",Waikato Region,34888.44518800000,23899.89878450000,"416",North Eastern,"3809993",{2399417F-F307-441B-9243-D0AE87325049},North Eastern,6140862.133905312046409,38099933256.712272644042969,"343","10.03",Colville,Coromandel,302070.701872740231920,-771937909.031349182128906,Opitonui River,"17",Whangapoua Harbour,WRC,7. Tidal lagoon,7A. Permanently open,5932365.776999999769032,1834832.874000000068918,681.000000000000000,41309.000000000000000,13014569.000000000000000,80.000000000000000,1.000000000000000,17164235.000000000000000,1.900000000000000,14902971.000000000000000,107.000000000000000,274664.000000000000000,"1",3769.483281153482039,1833087.357699999818578,5929024.792700000107288,1834832.874084472656250,5932365.777099609375000
"39173",543958.204262110753916,191622080.000000000000000,"3039104",0.000000000000000,"0","42226","5",761.926505642000052,20.021612167400001,1.851127624510000,1840429.078399999998510,1840832.854199999943376,5913496.697499999776483,5912850.633700000122190,1.215054997270000,"3002013","26449",1.366135894640000,"0","0","42341","42342",925.782608235999987,925.782608235663702,"1","03",Waikato Region,34888.44518800000,23899.89878450000,"416",North Eastern,"3809993",{2399417F-F307-441B-9243-D0AE87325049},North Eastern,6140862.133905312046409,38099933256.712272644042969,"350","10.06",Tairua,Coromandel,253536.053828121483093,-901288769.669450402259827,Waiwawa River,"18",Whitianga Harbour (MBS),WRC,7. Tidal lagoon,7A. Permanently open,5920367.983000000007451,1841659.010000000009313,218.000000000000000,110355.000000000000000,15495586.000000000000000,72.000000000000000,1.000000000000000,13026023.000000000000000,1.700000000000000,17110627.000000000000000,450.000000000000000,1449472.000000000000000,"1",6920.773022360133837,1840832.854199999943376,5913496.697499999776483,1841659.010070800781250,5920367.983093261718750
"40050",9001.096240811579264,262419216.000000000000000,"2040122",0.000000000000000,"0","44666","5",21.213203435600001,1.165084600450000,0.000000000000000,1784687.758600000059232,1784702.729599999962375,5908160.831899998709559,5908145.801099999807775,1.000061986560000,"2006693","41669",3.143676730060000,"0","0","43334","43335",21.214518369099999,21.214518369081180,"1","02",Auckland Region,16156.60956730000,4941.62240071000,"416",North Eastern,"3809993",{2399417F-F307-441B-9243-D0AE87325049},North Eastern,6140862.133905312046409,38099933256.712272644042969,"355","09.07",Manukau,Auckland,276906.138236053928267,-784997112.699575304985046,Wairoa River (Auckland),"19",Wairoa River,AC,8. Shallow drowned valley,,5909921.720999999903142,1786198.558999999891967,833.000000000000000,28905.000000000000000,2503260.000000000000000,42.000000000000000,3.000000000000000,8679788.000000000000000,2.900000000000000,5774004.000000000000000,311.000000000000000,637732.000000000000000,"1",2310.462447423770300,1784702.729599999962375,5908160.831899998709559,1786198.559082031250000,5909921.721130371093750
"42584",557567.125867989263497,223302592.000000000000000,"3042631",0.000000000000000,"0","47872","5",804.306533605000027,14.471921920800000,1.976163744930000,1851089.036699999822304,1851884.124700000043958,5895557.770700000226498,5895436.106100000441074,1.050668886620000,"3003541","42157",0.890079635786000,"0","0","46053","46054",845.059850166000047,845.059850166277784,"1","03",Waikato Region,34888.44518800000,23899.89878450000,"416",North Eastern,"3809993",{2399417F-F307-441B-9243-D0AE87325049},North Eastern,6140862.133905312046409,38099933256.712272644042969,"350","10.06",Tairua,Coromandel,253536.053828121483093,-901288769.669450402259827,Tairua River,"20",Tairua Harbour,WRC,7. Tidal lagoon,7A. Permanently open,5900748.135999999940395,1854820.450999999884516,280.000000000000000,35070.000000000000000,6046969.000000000000000,51.000000000000000,1.000000000000000,7749027.000000000000000,1.700000000000000,7702351.000000000000000,282.000000000000000,952910.000000000116415,"1",5963.380405750757745,1851884.124700000043958,5895557.770700000226498,1854820.451110839843750,5900748.136108398437500
"43344",675032.255056292749941,54461144.000000000000000,"2043248",0.000000000000000,"0","45302","5",927.562396822999972,10.435128212000000,1.822185277940000,1773289.033300000010058,1772762.568900000071153,5892566.920199998654425,5891802.901399999856949,1.317960323630000,"2008469","18572",0.532008709197000,"0","0","46874","46875",1222.490436699999918,1222.490436701696353,"1","02",Auckland Region,16156.60956730000,4941.62240071000,"415",Western North Island,"1457231",{FA1D5DC5-E5DF-4C1D-B636-BDCD9EC4AB7D},Western North Island,3273685.956958715338260,14572310124.708490371704102,"355","09.07",Manukau,Auckland,276906.138236053928267,-784997112.699575304985046,Hingaia Stream,"21",Pahurehure Inlet (MHS),AC,8. Shallow drowned valley,,5897599.080000000074506,1765172.250000000000000,510.000000000000000,98940.000000000000000,15213690.000000000000000,64.000000000000000,2.000000000000000,29153366.000000000000000,2.800000000000000,29153366.000000000000000,379.000000000000000,694953.999999999883585,"1",9106.896957230694170,1772762.568900000071153,5892566.920199998654425,1765172.250122070312500,5897599.080078125000000
"44614",644979.385027301730588,56669924.000000000000000,"3044624",0.000000000000000,"0","47200","5",1132.973521310000024,20.292579650899999,0.000000000000000,1853508.671799999894574,1854618.721600000048056,5886394.242700000293553,5886166.938400000333786,1.435766747660000,"3004519","21782",1.026109840900000,"0","0","48227","48238",1626.685707880000109,1626.685707883889563,"1","03",Waikato Region,34888.44518800000,23899.89878450000,"416",North Eastern,"3809993",{2399417F-F307-441B-9243-D0AE87325049},North Eastern,6140862.133905312046409,38099933256.712272644042969,"350","10.06",Tairua,Coromandel,253536.053828121483093,-901288769.669450402259827,Wharekawa River,"22",Wharekawa Harbour,WRC,7. Tidal lagoon,7A. Permanently open,5888948.372000000439584,1856591.293999999761581,496.000000000000000,11158.000000000000000,1935498.000000000000000,86.000000000000000,1.000000000000000,2164594.000000000000000,1.700000000000000,1888011.000000000000000,83.000000000000000,269459.000000000000000,"1",3227.168917202893681,1854618.721600000048056,5886394.242700000293553,1856591.294128417968750,5888948.372070312500000
"44720",52231.477086578910530,129127568.000000000000000,"3044787",0.000000000000000,"0","44868","5",21.213203435600001,2.292779684070000,1.320282459260000,1826139.691899999976158,1826124.658299999777228,5885528.077499999664724,5885513.101999999955297,1.000305208080000,"3004699","30134",2.624828485540000,"0","0","48351","48352",21.219677876799999,21.219677876755750,"1","03",Waikato Region,34888.44518800000,23899.89878450000,"416",North Eastern,"3809993",{2399417F-F307-441B-9243-D0AE87325049},North Eastern,6140862.133905312046409,38099933256.712272644042969,"353","10.05",Thames,Coromandel,94201.411396549519850,-408065863.733079731464386,Kauaeranga River,"23",Kauranga River,WRC,6. Tidal river mouth,6A. Unrestricted,5885727.304999999701977,1825716.804000000003725,960.000000000000000,5323.000000000000000,256609.000000000000000,55.000000000000000,3.000000000000000,842741.000000000000000,3.300000000000000,612254.000000000116415,132.000000000000000,360248.999999999941792,"1",453.912667343864484,1826124.658299999777228,5885528.077499999664724,1825716.804077148437500,5885727.305114747025073
"46637",2701.296611855918400,165503760.000000000000000,"3046727",0.000000000000000,"0","49993","5",15.000000000000000,0.000000000000000,0.000000000000000,1812202.221900000236928,1812202.193800000008196,5876949.249599999748170,5876934.246000001206994,1.000241754230000,"3005888","20813",0.000000000000000,"0","0","50377","50378",15.003626313500000,15.003626313468693,"1","03",Waikato Region,34888.44518800000,23899.89878450000,"416",North Eastern,"3809993",{2399417F-F307-441B-9243-D0AE87325049},North Eastern,6140862.133905312046409,38099933256.712272644042969,"359","11.03",Hauraki,Waikato,236290.681809335103026,-773335464.346971273422241,Waitakaruru Canal,"24",Waitakaruru River,WRC,6. Tidal river mouth,6A. Unrestricted,5877829.178999999538064,1812667.223999999929219,838.000000000000000,9579.000000000000000,484292.000000000000000,64.000000000000000,3.000000000000000,1442025.000000000000000,3.300000000000000,1092075.000000000000000,167.000000000000000,271961.000000000000000,"1",995.253276453644389,1812202.193800000008196,5876949.249599999748170,1812667.224121093750000,5877829.179077148437500
"46942",37835.913630678245681,71595544.000000000000000,"3047047",0.000000000000000,"0","49709","5",47.434164902500001,6.834477901460000,2.905977010730000,1855449.979499999899417,1855494.971900000004098,5875741.002000000327826,5875725.908099999651313,1.080182177930000,"3006178","21270",4.734437175040000,"0","0","50692","50693",51.237539552599998,51.237539552575328,"1","03",Waikato Region,34888.44518800000,23899.89878450000,"416",North Eastern,"3809993",{2399417F-F307-441B-9243-D0AE87325049},North Eastern,6140862.133905312046409,38099933256.712272644042969,"362","10.07",Waihi,Coromandel,107273.442974615827552,-491177830.929063916206360,Otahu River,"25",Otahu River,WRC,7. Tidal lagoon,7A. Permanently open,5875666.965000000782311,1855534.958000000100583,170.000000000000000,15778.000000000000000,955800.000000000000000,60.000000000000000,2.000000000000000,1516965.000000000000000,1.700000000000000,1138659.000000000000000,70.000000000000000,233431.000000000000000,"1",84.144892506798413,1855494.971900000004098,5875741.002000000327826,1855534.958129882812500,5875666.965087890625000
"56932",79201.081749001488788,107983704.000000000000000,"3057007",0.000000000000000,"0","58318","5",161.418710191999992,14.840781211900000,1.170602679250000,1758150.484100000001490,1758015.626200000056997,5833365.185899999924004,5833455.400700000114739,1.067289192170000,"3014422","22299",4.840698791760000,"0","0","60844","60863",172.280444800999987,172.280444801385215,"1","03",Waikato Region,34888.44518800000,23899.89878450000,"415",Western North Island,"1457231",{FA1D5DC5-E5DF-4C1D-B636-BDCD9EC4AB7D},Western North Island,3273685.956958715338260,14572310124.708490371704102,"368","12.01",Raglan,Tainui,266257.242984460026491,-1324388486.331988334655762,Waimai Stream,"26",Kaawa Stream,WRC,4. Beach stream,4C. Stream with pond,5847634.689000001177192,1754095.416999999899417,0.000000000000000,-9999.000000000000000,-9999.000000000000000,0.000000000000000,-9999.000000000000000,-9999.000000000000000,0.000000000000000,0.000000000000000,70.000000000000000,70217.000000000000000,"1",14798.201258169479843,1758015.626200000056997,5833365.185899999924004,1754095.417114257812500,5847634.689086914062500
"57835",319795.348534991149791,181519504.000000000000000,"4057893",0.000000000000000,"0","63896","5",403.758591239999987,11.725361824000000,0.693094551563000,2041506.501600000075996,2041221.523400000063702,5830151.006900000385940,5830437.094800000078976,1.305362257260000,"4000677","30000",1.565156394900000,"0","0","61782","61850",527.051226050999958,527.051226050922196,"1","04",Bay of Plenty Region,21883.23701590000,12070.49744960000,"416",North Eastern,"3809993",{2399417F-F307-441B-9243-D0AE87325049},North Eastern,6140862.133905312046409,38099933256.712272644042969,"377","20.01",Pukeamaru,East Cape,184651.851443900755839,-961021526.933246731758118,Whangaparaoa River,"27",Whangaparaoa River,BOPRC,6. Tidal river mouth,6B. Spit enclosed,5830191.428000000305474,2041062.941000000108033,145.000000000000000,7777.000000000000000,157673.000000000000000,0.000000000000000,3.000000000000000,418936.999999999941792,1.700000000000000,261264.000000000000000,181.000000000000000,520639.000000000058208,"1",163.652739021940732,2041221.523400000063702,5830151.006900000385940,2041062.941101074218750,5830191.428100585937500
"58461",14461.146789280268422,154468528.000000000000000,"5058587",0.000000000000000,"0","60889","5",47.434164902500001,3.508563518520000,2.002091169360000,2067512.526000000070781,2067557.650900000007823,5828278.681500000879169,5828293.624500000849366,1.081958015600000,"5000099","33461",1.819058811500000,"0","0","62511","62512",51.321774929400000,51.321774929437353,"1","05",Gisborne Region,13989.56640760000,8385.81580304000,"416",North Eastern,"3809993",{2399417F-F307-441B-9243-D0AE87325049},North Eastern,6140862.133905312046409,38099933256.712272644042969,"377","20.01",Pukeamaru,East Cape,184651.851443900755839,-961021526.933246731758118,Wharekahika River,"28",Wharekahika River,GDC,6. Tidal river mouth,6D. Intermittent with ribbon lagoon,5828169.075000000186265,2067548.509000000078231,224.000000000000000,2942.000000000000000,49569.000000000000000,34.000000000000000,2.000000000000000,99537.000000000000000,1.600000000000000,66886.000000000000000,154.000000000000000,411703.000000000058208,"1",109.987005593358973,2067557.650900000007823,5828278.681500000879169,2067548.509094238281250,5828169.075073242187500
"60919",755243.916868399246596,122532552.000000000000000,"3060861",0.000000000000000,"0","60257","5",675.201451420000012,21.110906601000000,7.218563556670000,1772960.116199999814853,1772555.908599999966100,5820847.250199999660254,5821387.922500000335276,2.023659435150000,"3016676","27064",1.178700985250000,"0","0","64869","65080",1366.377787789999957,1366.377787790335333,"1","03",Waikato Region,34888.44518800000,23899.89878450000,"415",Western North Island,"1457231",{FA1D5DC5-E5DF-4C1D-B636-BDCD9EC4AB7D},Western North Island,3273685.956958715338260,14572310124.708490371704102,"368","12.01",Raglan,Tainui,266257.242984460026491,-1324388486.331988334655762,Waingaro River,"29",Waitetuna Creek (RHS),WRC,8. Shallow drowned valley,,5815378.582999999634922,1769375.706999999936670,165.000000000000000,27931.000000000000000,5131529.000000000000000,79.000000000000000,2.000000000000000,9057971.000000000000000,2.900000000000000,9057971.000000000000000,176.000000000000000,433940.000000000000000,"1",6326.136352739476933,1772555.908599999966100,5820847.250199999660254,1769375.707092285156250,5815378.583129882812500
"61005",203393.362473809684161,174102272.000000000000000,"5061027",0.000000000000000,"0","66603","5",286.342452319000017,12.612793922400000,1.720559716220000,2074621.583499999949709,2074636.070000000065193,5821497.766400000080466,5821212.110800000838935,1.149726472680000,"5000408","34731",2.178435361620000,"0","0","65173","65174",329.215497684000013,329.215497684480454,"1","05",Gisborne Region,13989.56640760000,8385.81580304000,"416",North Eastern,"3809993",{2399417F-F307-441B-9243-D0AE87325049},North Eastern,6140862.133905312046409,38099933256.712272644042969,"377","20.01",Pukeamaru,East Cape,184651.851443900755839,-961021526.933246731758118,Awatere River (Gisborne),"30",no-match,GDC,5. Freshwater river mouth,3C. Small,5822930.684000000357628,2071567.260999999707565,140.000000000000000,1380.000000000000000,25152.000000000000000,0.000000000000000,2.000000000000000,50304.000000000000000,0.000000000000000,0.000000000000000,106.000000000000000,297587.000000000058208,"1",3386.863017107540145,2074636.070000000065193,5821497.766400000080466,2071567.261108398437500,5822930.684082031250000
"61545",180816.547286062268540,52047544.000000000000000,"5061608",0.000000000000000,"0","64353","5",350.864646267000012,8.464922904970004,1.519994139670000,2080667.618699999991804,2080922.736599999945611,5820111.672000000253320,5819870.640899999998510,1.112795593940000,"5000484","15308",1.133950938720000,"0","0","65740","65741",390.440632434000008,390.440632433609096,"1","05",Gisborne Region,13989.56640760000,8385.81580304000,"416",North Eastern,"3809993",{2399417F-F307-441B-9243-D0AE87325049},North Eastern,6140862.133905312046409,38099933256.712272644042969,"377","20.01",Pukeamaru,East Cape,184651.851443900755839,-961021526.933246731758118,Orutua River,"31",no-match,GDC,6. Tidal river mouth,3C. Small,5822930.684000000357628,2071567.260999999707565,140.000000000000000,1380.000000000000000,25152.000000000000000,0.000000000000000,2.000000000000000,50304.000000000000000,0.000000000000000,0.000000000000000,106.000000000000000,297587.000000000058208,"1",9770.964680756615053,2080922.736599999945611,5820111.672000000253320,2071567.261108398437500,5822930.684082031250000
"63374",372945.223006402666215,141918592.000000000000000,"4063490",0.000000000000000,"0","70240","5",377.115366962999985,16.590518951400000,2.414159774780000,2016168.918700000038370,2015823.074699999997392,5815873.623200000263751,5815723.986899999901652,1.128080078320000,"4002192","32552",2.152825456980000,"0","0","67629","67630",425.416332700999988,425.416332700841167,"1","04",Bay of Plenty Region,21883.23701590000,12070.49744960000,"416",North Eastern,"3809993",{2399417F-F307-441B-9243-D0AE87325049},North Eastern,6140862.133905312046409,38099933256.712272644042969,"379","19.02",Motu,Raukumara,304298.372031920298468,-3179403563.345004558563232,Kereu River,"32",Kereru River,BOPRC,3. Hāpua-type lagoon,3B. Medium,5815882.651999999769032,2015871.510999999940395,5.000000000000000,-9999.000000000000000,-9999.000000000000000,0.000000000000000,-9999.000000000000000,0.000000000000000,0.000000000000000,0.000000000000000,141.000000000000000,247396.000000000000000,"1",49.270748793699987,2015823.074699999997392,5815873.623200000263751,2015871.511108398437500,5815882.652099609375000
"63763",40508.388471067148203,167313168.000000000000000,"3063918",0.000000000000000,"0","71942","5",76.485292703900001,3.548685550690000,1.585926413540000,1773570.577400000067428,1773495.547199999913573,5814563.054200000129640,5814548.165400000289083,1.224409149670000,"3017917","27629",1.469997367780000,"0","0","68035","68036",93.649292201799994,93.649292201838989,"1","03",Waikato Region,34888.44518800000,23899.89878450000,"415",Western North Island,"1457231",{FA1D5DC5-E5DF-4C1D-B636-BDCD9EC4AB7D},Western North Island,3273685.956958715338260,14572310124.708490371704102,"368","12.01",Raglan,Tainui,266257.242984460026491,-1324388486.331988334655762,Waitetuna River,"33",Waitetuna Creek (RHS),WRC,8. Shallow drowned valley,,5815378.582999999634922,1769375.706999999936670,165.000000000000000,27931.000000000000000,5131529.000000000000000,79.000000000000000,2.000000000000000,9057971.000000000000000,2.900000000000000,9057971.000000000000000,176.000000000000000,433940.000000000000000,"1",4199.782131088556525,1773495.547199999913573,5814563.054200000129640,1769375.707092285156250,5815378.583129882812500
"64473",120809.836752216477180,174197936.000000000000000,"4064573",0.000000000000000,"0","77584","5",265.377090194000004,1.865739107130000,1.468676209450000,1906355.362299999920651,1906535.201300000073388,5813510.176900000311434,5813314.714999999850988,1.016638835930000,"4002578","32837",0.085727141629200,"0","0","68759","68760",269.792656056999988,269.792656057337240,"1","04",Bay of Plenty Region,21883.23701590000,12070.49744960000,"416",North Eastern,"3809993",{2399417F-F307-441B-9243-D0AE87325049},North Eastern,6140862.133905312046409,38099933256.712272644042969,"372","13.02",Tauranga,Northern Volcanic Plateau,372742.947468293365091,-772871403.672450423240662,Kaikokopu Canal,"34",Waihi Estuary,BOPRC,7. Tidal lagoon,7A. Permanently open,5815730.563000001013279,1906462.006000000284985,78.000000000000000,17482.000000000000000,2640150.000000000000000,57.000000000000000,2.000000000000000,4353159.000000000000000,1.700000000000000,3213142.000000000000000,414.000000000000000,1113586.000000000000000,"1",2221.592325316773440,1906535.201300000073388,5813510.176900000311434,1906462.006103515625000,5815730.563110351562500
"64545",138841.751012112217722,153397168.000000000000000,"4064559",0.000000000000000,"0","78300","5",375.000000000000000,1.968002676960000,1.402231454850000,1906956.127499999944121,1906955.517599999904633,5813540.886400000192225,5813165.559800000861287,1.067204092470000,"4002572","34191",0.086443440511900,"0","0","68834","68835",400.201534677999973,400.201534677957682,"1","04",Bay of Plenty Region,21883.23701590000,12070.49744960000,"416",North Eastern,"3809993",{2399417F-F307-441B-9243-D0AE87325049},North Eastern,6140862.133905312046409,38099933256.712272644042969,"372","13.02",Tauranga,Northern Volcanic Plateau,372742.947468293365091,-772871403.672450423240662,Pongakawa Canal,"35",Waihi Estuary,BOPRC,7. Tidal lagoon,7A. Permanently open,5815730.563000001013279,1906462.006000000284985,78.000000000000000,17482.000000000000000,2640150.000000000000000,57.000000000000000,2.000000000000000,4353159.000000000000000,1.700000000000000,3213142.000000000000000,414.000000000000000,1113586.000000000000000,"1",2244.601900787164595,1906955.517599999904633,5813540.886400000192225,1906462.006103515625000,5815730.563110351562500
"69844",1615678.695629231166095,152828496.000000029802322,"5069486",10763.103385500724471,"0","103267","6",774.018733623000116,774.018733623000116,19.142173767100001,2081373.365800000028685,2080697.478600000031292,5803513.542200000956655,5803890.580599999986589,3.911554848480000,"5001821","137267",0.040394216035300,"0","0","74226","74227",2085.423999009999989,2085.423999013766206,"1","05",Gisborne Region,13989.56640760000,8385.81580304000,"420",Eastern North Island,"1162075",{F40186D1-3DC9-4A39-8752-4EAEA9052344},Eastern North Island,1124564.040616889018565,11620746321.316089630126953,"382","20.02",Waiapu,East Cape,355549.900891669094563,-3328322783.548686027526855,Waiapu River,"36",Waiapu River,GDC,6. Tidal river mouth,6B. Spit enclosed,5804804.563000000081956,2083244.341000000014901,68.000000000000000,-9999.000000000000000,-9999.000000000000000,-9999.000000000000000,-9999.000000000000000,-9999.000000000000000,-9999.000000000000000,-9999.000000000000000,1729.000000000000000,3905334.000000000000000,"1",33.636738520947482,2083238.625145181082189,5804771.415595400147140,2083244.341125488281250,5804804.563110351562500
"70707",819730.086990537238307,51456384.000000007450581,"4070268",0.000000000000000,"0","77753","5",1498.912939430000051,20.250684738200000,3.377664566040000,1923489.792600000277162,1924403.840499999932945,5802908.845700000412762,5801721.229000000283122,1.308350780150000,"4004525","21242",0.644942299420000,"0","0","75098","75099",1961.103913680000005,1961.103913683181418,"1","04",Bay of Plenty Region,21883.23701590000,12070.49744960000,"416",North Eastern,"3809993",{2399417F-F307-441B-9243-D0AE87325049},North Eastern,6140862.133905312046409,38099933256.712272644042969,"380","13.03",Otanewainuku,Northern Volcanic Plateau,225203.258874550490873,-1796363984.086349725723267,Herepuru Stream,"37",Waitahanui Stream,BOPRC,4. Beach stream,,5807295.466000000014901,1916698.878999999957159,40.000000000000000,3063.000000000000000,29458.000000000000000,0.000000000000000,3.000000000000000,-9999.000000000000000,0.000000000000000,0.000000000000000,114.000000000000000,302844.000000000000000,"1",8866.164283207688641,1924403.840499999932945,5802908.845700000412762,1916698.879089355468750,5807295.466125488281250
"79674",237644.911796211905312,119816000.000000000000000,"3079775",0.000000000000000,"0","79943","5",244.182308941000002,13.957567214999999,0.000000000000000,1767699.951799999922514,1767535.179699999978766,5786366.738699999637902,5786546.978400000371039,1.053131685820000,"3023504","22936",3.271493001720000,"0","0","84112","84247",257.156126663999999,257.156126664014437,"1","03",Waikato Region,34888.44518800000,23899.89878450000,"415",Western North Island,"1457231",{FA1D5DC5-E5DF-4C1D-B636-BDCD9EC4AB7D},Western North Island,3273685.956958715338260,14572310124.708490371704102,"383","12.02",Kawhia,Tainui,331678.983214203268290,-1290597966.419382572174072,Oparau River,"38",Oparau River (KHS),WRC,8. Shallow drowned valley,,5785091.371000000275671,1765493.617000000085682,681.000000000000000,17755.000000000000000,1652197.000000000000000,85.000000000000000,2.000000000000000,2793279.000000000000000,3.000000000000000,2793279.000000000000000,131.000000000000000,387248.000000000000000,"1",2407.185134702010146,1767535.179699999978766,5786366.738699999637902,1765493.617126464843750,5785091.371093750000000
"80163",619199.727728657308035,97305024.000000000000000,"4079919",0.000000000000000,"0","86387","5",775.654562288999955,19.658216476400000,1.711559295650000,1985479.637899999972433,1985358.308399999979883,5786693.112300000153482,5785927.180900000035763,1.212313771750000,"4008299","21603",1.325441373100000,"0","0","84754","84755",940.336707981000018,940.336707981281847,"1","04",Bay of Plenty Region,21883.23701590000,12070.49744960000,"416",North Eastern,"3809993",{2399417F-F307-441B-9243-D0AE87325049},North Eastern,6140862.133905312046409,38099933256.712272644042969,"388","14.03",Opotiki,Whakatane,96592.302961009059800,-243762571.071729391813278,Waiaua River,"39",Waiaua River (BOPRC),BOPRC,7. Tidal lagoon,7A. Permanently open,5786946.845999999903142,1985541.789000000106171,492.000000000000000,4832.000000000000000,180124.000000000000000,59.000000000000000,2.000000000000000,289650.000000000000000,1.700000000000000,215979.000000000000000,109.000000000000000,303384.000000000000000,"1",313.123031065587611,1985358.308399999979883,5786693.112300000153482,1985541.789123535156250,5786946.846130371093750
"101502",102603.954662363714306,86721968.000000000000000,"3101729",0.000000000000000,"0","109509","5",155.309368680999995,11.599732399000001,0.000000000000000,1749526.537500000093132,1749391.445999999996275,5756957.045599998906255,5756882.204499999992549,1.069280079680000,"3030933","18398",4.271373114730001,"0","0","106258","106259",166.069214117999991,166.069214118009398,"1","03",Waikato Region,34888.44518800000,23899.89878450000,"415",Western North Island,"1457231",{FA1D5DC5-E5DF-4C1D-B636-BDCD9EC4AB7D},Western North Island,3273685.956958715338260,14572310124.708490371704102,"398","12.03",Herangi,Tainui,137722.465719228493981,-547847034.110823154449463,Kiritehere Stream,"40",Marakopa River,WRC,6. Tidal river mouth,6B. Spit enclosed,5758657.030000000260770,1749891.493000000016764,230.000000000000000,17834.000000000000000,659518.000000000116415,14.000000000000000,5.000000000000000,2973975.000000000000000,3.000000000000000,1837757.000000000000000,367.000000000000000,1137806.000000000000000,"1",1772.002926808874690,1749391.445999999996275,5756957.045599998906255,1749891.493103027343750,5758657.030090332031250
"115195",93599.139068360091187,81792152.000000000000000,"3115406",0.000000000000000,"0","116316","5",233.122285506999987,15.670774459800000,0.000000000000000,1742975.909999999916181,1742750.976899999892339,5739804.335900001227856,5739864.582399999722838,1.071762392540000,"3036621","16985",3.845710467730000,"0","0","119918","119977",249.851698467999995,249.851698468408472,"1","03",Waikato Region,34888.44518800000,23899.89878450000,"415",Western North Island,"1457231",{FA1D5DC5-E5DF-4C1D-B636-BDCD9EC4AB7D},Western North Island,3273685.956958715338260,14572310124.708490371704102,"398","12.03",Herangi,Tainui,137722.465719228493981,-547847034.110823154449463,Waikawau River,"41",Waikawau River,WRC,4. Beach stream,4C. Stream with pond,5739790.588000000454485,1742718.216000000014901,62.000000000000000,3408.000000000000000,32866.000000000000000,0.000000000000000,4.000000000000000,-9999.000000000000000,0.000000000000000,0.000000000000000,16.000000000000000,40744.000000000000000,"1",35.528454424187956,1742750.976899999892339,5739804.335900001227856,1742718.216125488281250,5739790.588073730468750
"131405",668748.572892672265880,244371727.999999970197678,"5131046",0.000000000000000,"0","129240","5",830.484798175000037,19.952823638900000,2.726735353470000,2057447.305600000079721,2057523.242099999915808,5719765.056699999608099,5720591.686200000345707,1.182864226860000,"5012089","68478",1.188270997490000,"0","0","135616","136250",982.350758711000026,982.350758711259004,"1","05",Gisborne Region,13989.56640760000,8385.81580304000,"420",Eastern North Island,"1162075",{F40186D1-3DC9-4A39-8752-4EAEA9052344},Eastern North Island,1124564.040616889018565,11620746321.316089630126953,"382","20.02",Waiapu,East Cape,355549.900891669094563,-3328322783.548686027526855,Pakarae River,"42",Pakarae River,GDC,6. Tidal river mouth,6B. Spit enclosed,5719813.809999999590218,2057593.236999999964610,70.000000000000000,14900.000000000000000,264347.000000000000000,0.000000000000000,2.000000000000000,645017.000000000000000,1.400000000000000,381278.000000000000000,246.000000000000000,565690.000000000000000,"1",85.300638753946274,2057523.242099999915808,5719765.056699999608099,2057593.237121582031250,5719813.810119628906250
"144083",383394.750072156544775,269988608.000000000000000,"6144129",0.000000000000000,"0","152975","5",544.867873892000034,20.081369400000000,4.969908714290000,1738963.906299999915063,1738498.651199999731034,5702225.299899999983609,5701940.724299999885261,1.070069815060000,"6000471","40033",1.588644477760000,"0","0","148972","148973",583.046665050999991,583.046665050521597,"1","07",Taranaki Region,12696.95762600000,7254.35732565000,"415",Western North Island,"1457231",{FA1D5DC5-E5DF-4C1D-B636-BDCD9EC4AB7D},Western North Island,3273685.956958715338260,14572310124.708490371704102,"406","24.01",North Taranaki,Taranaki,358833.346647690050304,-2553389021.355181694030762,Tongaporutu River,"43",Tongaporutu River,TRC,6. Tidal river mouth,6B. Spit enclosed,5702532.815999998711050,1737632.962000000057742,228.000000000000000,11366.000000000000000,442663.000000000058208,25.000000000000000,4.000000000000000,1870689.000000000000000,3.100000000000000,1203331.000000000000000,273.000000000000000,846493.000000000000000,"1",918.685929295094297,1738498.651199999731034,5702225.299899999983609,1737632.962097167968750,5702532.816101074218750
"148855",318831.760802756471094,78407656.000000000000000,"5148842",0.000000000000000,"0","154357","5",412.723878640000009,20.190149307300000,0.180185943842000,2028192.599200000055134,2028418.263899999903515,5695213.301599999889731,5695558.743900001049042,1.191579108480000,"5013830","17901",2.775680989940000,"0","0","153520","153751",491.793151358999978,491.793151358647151,"1","05",Gisborne Region,13989.56640760000,8385.81580304000,"420",Eastern North Island,"1162075",{F40186D1-3DC9-4A39-8752-4EAEA9052344},Eastern North Island,1124564.040616889018565,11620746321.316089630126953,"401","20.03",Turanga,East Cape,167375.138376002869336,-877395578.414362430572510,Maraetaha River,"44",Maraetaha River,GDC,6. Tidal river mouth,6A. Unrestricted,5695194.608000000007451,2028448.524999999906868,68.000000000000000,4356.000000000000000,57769.000000000000000,1.000000000000000,2.000000000000000,139987.000000000000000,1.400000000000000,82547.000000000000000,84.000000000000000,215034.000000000000000,"1",35.569460762961981,2028418.263899999903515,5695213.301599999889731,2028448.525085449218750,5695194.608093261718750
"154985",174576.094829188106814,132253000.000000000000000,"6155045",0.000000000000000,"0","158184","5",340.073521463000020,19.940574646000002,2.370762586590000,1724758.042199999792501,1724532.846700000111014,5686493.784799999557436,5686238.988499999977648,1.075492995120000,"6001458","28894",2.957543345980000,"0","0","159914","159915",365.746690159000025,365.746690158758270,"1","07",Taranaki Region,12696.95762600000,7254.35732565000,"415",Western North Island,"1457231",{FA1D5DC5-E5DF-4C1D-B636-BDCD9EC4AB7D},Western North Island,3273685.956958715338260,14572310124.708490371704102,"406","24.01",North Taranaki,Taranaki,358833.346647690050304,-2553389021.355181694030762,Mimi River,"45",Mimi River,TRC,6. Tidal river mouth,6B. Spit enclosed,5686563.231999998912215,1724662.710999999893829,366.000000000000000,4467.000000000000000,147931.000000000000000,39.000000000000000,3.000000000000000,459278.000000000000000,3.100000000000000,369320.999999999941792,135.000000000000000,379738.000000000000000,"1",147.267435422595469,1724532.846700000111014,5686493.784799999557436,1724662.711120605468750,5686563.232116699218750
"157486",129574.691094913447159,88421792.000000000000000,"6157648",0.000000000000000,"0","166648","5",204.022057630999996,16.186069488499999,0.000000000000000,1718191.261100000003353,1718071.139299999922514,5683128.774299999698997,5682963.887500000186265,1.052262109690000,"6001775","22319",4.536055784570000,"0","0","162408","162409",214.684680785000012,214.684680785288947,"1","07",Taranaki Region,12696.95762600000,7254.35732565000,"415",Western North Island,"1457231",{FA1D5DC5-E5DF-4C1D-B636-BDCD9EC4AB7D},Western North Island,3273685.956958715338260,14572310124.708490371704102,"406","24.01",North Taranaki,Taranaki,358833.346647690050304,-2553389021.355181694030762,Onaero River,"46",Onaero River,TRC,6. Tidal river mouth,6B. Spit enclosed,5683190.099999999627471,1718069.112999999895692,114.000000000000000,1860.000000000000000,24752.000000000000000,24.000000000000000,3.000000000000000,86479.000000000000000,3.100000000000000,67645.000000000000000,131.000000000000000,344928.000000000000000,"1",61.359261339841986,1718071.139299999922514,5683128.774299999698997,1718069.113098144531250,5683190.100097656250000
"157691",227622.694036322704051,164238272.000000000000000,"6157668",0.000000000000000,"0","180539","5",445.764511821999974,11.550782203700001,2.101540327070000,1702683.523999999975786,1702443.264399999985471,5683086.185999999754131,5682711.441899999976158,1.064083918840000,"6001760","38397",1.214364956320000,"0","0","162614","162615",474.330848620999973,474.330848621032203,"1","07",Taranaki Region,12696.95762600000,7254.35732565000,"415",Western North Island,"1457231",{FA1D5DC5-E5DF-4C1D-B636-BDCD9EC4AB7D},Western North Island,3273685.956958715338260,14572310124.708490371704102,"411","25.01",Egmont,Egmont,267258.576790397928562,-2679883764.125142574310303,Waiongana Stream,"47",Waiongana Stream,TRC,6. Tidal river mouth,6B. Spit enclosed,5683235.735999999567866,1702908.198000000091270,138.000000000000000,3344.000000000000000,78050.000000000000000,5.000000000000000,4.000000000000000,309331.000000000058208,3.100000000000000,234809.000000000000000,160.000000000000000,462256.999999999941792,"1",488.393889930891646,1702443.264399999985471,5683086.185999999754131,1702908.198120117187500,5683235.736083984375000
"170915",26178.696714071829774,64569020.000000007450581,"8171138",0.000000000000000,"0","169014","5",105.004761797000000,5.000000000000000,0.746565401554000,1998252.444200000027195,1998252.505799999926239,5667277.265899999998510,5667382.423999999649823,1.001460469430000,"8014619","13651",2.319616495060000,"0","0","175833","175910",105.158118041999998,105.158118041817104,"1","06",Hawke's Bay Region,21444.16000310000,14137.21034330000,"420",Eastern North Island,"1162075",{F40186D1-3DC9-4A39-8752-4EAEA9052344},Eastern North Island,1124564.040616889018565,11620746321.316089630126953,"407","22.03",Waihua,Wairoa,352557.086749589245301,-1393937217.010110378265381,Opoho Stream,"48",no-match,HBRC,3. Hāpua-type lagoon,2A. Coastal plain depression,5667268.582999999634922,1995395.080000000074506,0.000000000000000,14297.000000000000000,4749001.000000000000000,0.000000000000000,1.000000000000000,4749001.000000000000000,0.000000000000000,0.000000000000000,44.000000000000000,97015.000000000000000,"1",2857.438913875386788,1998252.505799999926239,5667277.265899999998510,1995395.080078125000000,5667268.583129882812500
"172013",11737.514127437165371,206398448.000000000000000,"8172240",0.000000000000000,"0","170399","5",80.777472106999994,2.661337137220000,0.699215948582000,2011203.339399999938905,2011233.429100000066683,5665902.519099999219179,5665977.622600000351667,1.084046599880000,"8015061","38185",1.391467170180000,"0","0","176952","177016",87.566543984399999,87.566543984374050,"1","06",Hawke's Bay Region,21444.16000310000,14137.21034330000,"420",Eastern North Island,"1162075",{F40186D1-3DC9-4A39-8752-4EAEA9052344},Eastern North Island,1124564.040616889018565,11620746321.316089630126953,"407","22.03",Waihua,Wairoa,352557.086749589245301,-1393937217.010110378265381,Nuhaka River,"49",Nuhaka River,HBRC,4. Beach stream,4C. Stream with pond,5665894.639999999664724,2011255.911000000080094,42.000000000000000,4219.000000000000000,114044.000000000000000,0.000000000000000,2.000000000000000,-9999.000000000000000,0.000000000000000,0.000000000000000,207.000000000000000,585591.000000000000000,"1",23.822637955535058,2011233.429100000066683,5665902.519099999219179,2011255.911071777343750,5665894.640075683593750
"173278",1366158.751684328308329,159808208.000000000000000,"8172554",0.000000000000000,"0","172293","5",1365.127100310000060,19.941888809200002,2.650520563130000,1970554.777199999894947,1971231.377899999963120,5664256.999099999666214,5665443.134999999776483,1.827759062550000,"8015196","39461",0.725697847320000,"0","0","177358","178290",2495.123429119999855,2495.123429120239962,"1","06",Hawke's Bay Region,21444.16000310000,14137.21034330000,"420",Eastern North Island,"1162075",{F40186D1-3DC9-4A39-8752-4EAEA9052344},Eastern North Island,1124564.040616889018565,11620746321.316089630126953,"407","22.03",Waihua,Wairoa,352557.086749589245301,-1393937217.010110378265381,Waihua River,"50",Waihua River,HBRC,3. Hāpua-type lagoon,3D. Intermittent,5664223.873999999836087,1971242.838999999919906,1.000000000000000,5403.000000000000000,92920.000000000000000,0.000000000000000,2.000000000000000,230207.000000000000000,0.000000000000000,0.000000000000000,142.000000000000000,309448.999999999941792,"1",35.051761992422541,1971231.377899999963120,5664256.999099999666214,1971242.839111328125000,5664223.874084473587573
"178890",486235.483916612807661,326060768.000000000000000,"8178912",0.000000000000000,"0","181313","5",562.249944420000020,16.976652145399999,13.639122009299999,1952657.796000000089407,1953048.485600000014529,5656406.617899999953806,5656811.867700000293553,1.329332489420000,"8017511","47107",0.340105348294000,"0","0","183716","183967",747.417118294000034,747.417118293553244,"1","06",Hawke's Bay Region,21444.16000310000,14137.21034330000,"420",Eastern North Island,"1162075",{F40186D1-3DC9-4A39-8752-4EAEA9052344},Eastern North Island,1124564.040616889018565,11620746321.316089630126953,"407","22.03",Waihua,Wairoa,352557.086749589245301,-1393937217.010110378265381,Waikari River,"51",Waikari River,HBRC,6. Tidal river mouth,6C. Barrier beach enclosed,5656577.894000000320375,1953427.581000000005588,39.000000000000000,6992.000000000000000,137195.000000000000000,0.000000000000000,2.000000000000000,339576.000000000000000,1.500000000000000,202449.000000000000000,329.000000000000000,650275.000000000000000,"1",415.991524071127230,1953048.485600000014529,5656406.617899999953806,1953427.581115722656250,5656577.894104003906250
"186762",41491.202279620789341,168307440.000000029802322,"8186951",0.000000000000000,"0","186531","5",91.241437954500000,8.124575614930000,5.398957729340000,1944795.517199999885634,1944810.579300000099465,5644433.584300000220537,5644523.675800000317395,1.152060026880000,"8019756","43013",1.711064980700000,"0","0","191880","191944",105.115613463000003,105.115613462646934,"1","06",Hawke's Bay Region,21444.16000310000,14137.21034330000,"420",Eastern North Island,"1162075",{F40186D1-3DC9-4A39-8752-4EAEA9052344},Eastern North Island,1124564.040616889018565,11620746321.316089630126953,"407","22.03",Waihua,Wairoa,352557.086749589245301,-1393937217.010110378265381,Aropaoanui River,"52",Aropaoanui River,HBRC,4. Beach stream,4C. Stream with pond,5644327.274000000208616,1944769.428000000072643,0.000000000000000,2749.000000000000000,63234.000000000000000,0.000000000000000,1.000000000000000,-9999.000000000000000,0.000000000000000,0.000000000000000,149.000000000000000,325588.000000000000000,"1",113.996833060455657,1944810.579300000099465,5644433.584300000220537,1944769.428100585937500,5644327.274108886718750
"194601",213734.048684704001062,267826016.000000000000000,"8194736",0.000000000000000,"0","195460","5",538.624173240999994,9.559808731080000,2.245081424710000,1934110.301800000015646,1934605.712399999843910,5631875.456199999898672,5631665.023900000378489,1.081601547850000,"8021954","46685",0.778051583681000,"0","0","199837","199838",582.576739485999951,582.576739485817598,"1","06",Hawke's Bay Region,21444.16000310000,14137.21034330000,"420",Eastern North Island,"1162075",{F40186D1-3DC9-4A39-8752-4EAEA9052344},Eastern North Island,1124564.040616889018565,11620746321.316089630126953,"415","29.02",Heretaunga,Hawkes Bay,326175.210262588516343,-3100608215.906915664672852,Esk River,"53",no-match,HBRC,6. Tidal river mouth,7A. Permanently open,5622801.313999999314547,1935007.721000000135973,125.000000000000000,33917.000000000000000,2745765.000000000000000,9.000000000000000,0.000000000000000,561571.000000000000000,1.500000000000000,3853629.000000000000000,144.000000000000000,200405.000000000000000,"1",9083.042778043742146,1934605.712399999843910,5631875.456199999898672,1935007.721130371093750,5622801.314086914062500
"200418",2705.386584329102334,105590184.000000000000000,"8200644",0.000000000000000,"0","203956","5",15.000000000000000,1.085404396060000,1.004375815390000,1933513.532300000078976,1933528.547199999913573,5622385.452300000004470,5622385.446499999612570,1.000993408000000,"8023317","18518",0.309503479683000,"0","0","205641","205642",15.014901120099999,15.014901120055288,"1","06",Hawke's Bay Region,21444.16000310000,14137.21034330000,"420",Eastern North Island,"1162075",{F40186D1-3DC9-4A39-8752-4EAEA9052344},Eastern North Island,1124564.040616889018565,11620746321.316089630126953,"415","29.02",Heretaunga,Hawkes Bay,326175.210262588516343,-3100608215.906915664672852,Main Outfall (Napier),"54",Ahuriri Estuary,HBRC,7. Tidal lagoon,7A. Permanently open,5622801.313999999314547,1935007.721000000135973,125.000000000000000,33917.000000000000000,2745765.000000000000000,9.000000000000000,0.000000000000000,561571.000000000000000,1.500000000000000,3853629.000000000000000,144.000000000000000,200405.000000000000000,"1",1536.520921466765458,1933528.547199999913573,5622385.452300000004470,1935007.721130371093750,5622801.314086914062500
"203385",90873.849658399660257,232614864.000000000000000,"6203502",0.000000000000000,"0","203146","5",208.386659842000000,11.920164108300000,0.000000000000000,1702576.243199999909848,1702396.323199999984354,5617486.348500000312924,5617591.426300000399351,1.402379814980000,"6013282","63310",3.273875018620000,"0","0","208569","208615",292.237245472999973,292.237245472760833,"1","07",Taranaki Region,12696.95762600000,7254.35732565000,"414",North Cook Strait,"1365584",{1BA1FA3D-1473-4ED8-AEB3-FC460A0E9711},North Cook Strait,1421796.417902318527922,13655837189.367370605468750,"411","25.01",Egmont,Egmont,267258.576790397928562,-2679883764.125142574310303,Waingongoro River,"55",Waingongoro River,TRC,4. Beach stream,4B. Damp-sand plain stream,5617468.506000000983477,1702396.970999999903142,12.000000000000000,-9999.000000000000000,-9999.000000000000000,0.000000000000000,-9999.000000000000000,-9999.000000000000000,0.000000000000000,0.000000000000000,233.000000000000000,337308.999999999941792,"1",17.854157109273178,1702396.323199999984354,5617486.348500000312924,1702396.971130371093750,5617468.506103515625000
"207775",288849.795129487814847,121014040.000000000000000,"6207774",0.000000000000000,"0","207905","5",441.163235095999994,19.068012237500000,2.060988903050000,1716078.550800000084564,1715823.748300000093877,5609558.996199999935925,5609919.088999998755753,1.290925581040000,"6014363","24871",2.207683343370000,"0","0","212844","213023",569.508905598999945,569.508905598699016,"1","07",Taranaki Region,12696.95762600000,7254.35732565000,"414",North Cook Strait,"1365584",{1BA1FA3D-1473-4ED8-AEB3-FC460A0E9711},North Cook Strait,1421796.417902318527922,13655837189.367370605468750,"418","31.01",Manawatu Plains,Manawatu,574093.480765424086712,-3141384366.478737354278564,Manawapou River,"56",Manawapou River,TRC,4. Beach stream,4B. Damp-sand plain stream,5609531.622999999672174,1715780.378999999957159,5.000000000000000,-9999.000000000000000,-9999.000000000000000,0.000000000000000,-9999.000000000000000,-9999.000000000000000,0.000000000000000,0.000000000000000,121.000000000000000,80160.000000000000000,"1",51.285227916949182,1715823.748300000093877,5609558.996199999935925,1715780.379089355468750,5609531.623107910156250
"215328",286182.572220391768496,464930144.000000000000000,"6215437",0.000000000000000,"0","214918","5",355.598087733999989,19.986320495600001,2.011533737180000,1729974.249300000024959,1729659.329900000011548,5595601.158900000154972,5595766.289400000125170,1.127414980540000,"6015981","90205",2.893727538980000,"0","0","220521","220624",400.906611161999990,400.906611162428135,"1","07",Taranaki Region,12696.95762600000,7254.35732565000,"414",North Cook Strait,"1365584",{1BA1FA3D-1473-4ED8-AEB3-FC460A0E9711},North Cook Strait,1421796.417902318527922,13655837189.367370605468750,"418","31.01",Manawatu Plains,Manawatu,574093.480765424086712,-3141384366.478737354278564,Whenuakura River,"57",Whenuakura River,TRC,6. Tidal river mouth,6B. Spit enclosed,5595530.008000000379980,1729294.215000000083819,244.000000000000000,4413.000000000000000,139768.000000000000000,47.000000000000000,3.000000000000000,383403.000000000058208,2.900000000000000,309675.000000000058208,474.000000000000000,865640.000000000000000,"1",371.982875744358694,1729659.329900000011548,5595601.158900000154972,1729294.215087890625000,5595530.008117675781250
"220842",9901.825476767811779,69613184.000000000000000,"7220991",0.000000000000000,"0","220293","5",15.000000000000000,7.652978897090000,4.185490608220001,1760669.939900000346825,1760669.945499999681488,5584033.311099999584258,5584048.312500000000000,1.000093403040000,"6016793","22306",13.016197135200001,"0","0","226170","226171",15.001401045700000,15.001401045651757,"1","08",Manawatu-Wanganui Region,25322.14256030000,22220.58999180000,"414",North Cook Strait,"1365584",{1BA1FA3D-1473-4ED8-AEB3-FC460A0E9711},North Cook Strait,1421796.417902318527922,13655837189.367370605468750,"421","31.02",Foxton,Manawatu,104836.570981610129820,-61295320.181424908339977,Okehu Stream,"58",Wanganui River,HRC,6. Tidal river mouth,6B. Spit enclosed,5576009.076000000350177,1769203.141000000061467,197.000000000000000,21531.000000000000000,3222410.000000000000000,0.000000000000000,2.000000000000000,18106722.000000000000000,2.600000000000000,8439492.000000000000000,7072.000000000000000,17502151.000000000000000,"1",11713.401492981585761,1760669.945499999681488,5584033.311099999584258,1769203.141113281250000,5576009.076110839843750
"221152",742646.954642090597190,190818864.000000000000000,"7220928",0.000000000000000,"0","220242","5",1033.259405960000095,19.465328216600000,4.024858951570000,1762740.082799999974668,1762260.376200000056997,5583283.832799999974668,5584199.102599999867380,1.895245978030000,"6016797","53247",0.856133698224000,"0","0","226110","226480",1958.280733410000039,1958.280733406698346,"1","08",Manawatu-Wanganui Region,25322.14256030000,22220.58999180000,"414",North Cook Strait,"1365584",{1BA1FA3D-1473-4ED8-AEB3-FC460A0E9711},North Cook Strait,1421796.417902318527922,13655837189.367370605468750,"421","31.02",Foxton,Manawatu,104836.570981610129820,-61295320.181424908339977,Kai Iwi Stream,"59",Wanganui River,HRC,6. Tidal river mouth,6B. Spit enclosed,5576009.076000000350177,1769203.141000000061467,197.000000000000000,21531.000000000000000,3222410.000000000000000,0.000000000000000,2.000000000000000,18106722.000000000000000,2.600000000000000,8439492.000000000000000,7072.000000000000000,17502151.000000000000000,"1",10056.046416339200732,1762260.376200000056997,5583283.832799999974668,1769203.141113281250000,5576009.076110839843750
"226065",59507.941367787709169,104946960.000000000000000,"8226179",0.000000000000000,"0","230106","5",167.705098311999990,13.927455902100000,3.554931402210000,1935447.282600000035018,1935612.429999999701977,5570736.604199999943376,5570706.563699999824166,1.058927350780000,"8030741","22240",3.539224604450000,"0","0","231446","231447",177.587515469000010,177.587515468554983,"1","06",Hawke's Bay Region,21444.16000310000,14137.21034330000,"420",Eastern North Island,"1162075",{F40186D1-3DC9-4A39-8752-4EAEA9052344},Eastern North Island,1124564.040616889018565,11620746321.316089630126953,"419","34.01",Eastern Hawkes Bay,Eastern Hawkes Bay,330595.302658380242065,-2893702741.823098659515381,Mangakuri River,"60",Mangakuri River,HBRC,6. Tidal river mouth,6B. Spit enclosed,5570772.975999999791384,1935604.310000000055879,24.000000000000000,1554.000000000000000,27169.000000000000000,0.000000000000000,2.000000000000000,64771.000000000000000,1.400000000000000,37602.000000000000000,112.000000000000000,183872.000000000000000,"1",37.267220065692101,1935612.429999999701977,5570736.604199999943376,1935604.310119628906250,5570772.976074217818677
"248193",353765.245651998324320,79149056.000000000000000,"7248225",0.000000000000000,"0","250088","5",447.493016705000002,2.685531854630000,1.407220602040000,1781449.463400000240654,1781104.437300000106916,5493368.238699999637902,5493653.271800000220537,1.074136810780000,"7048125","22616",0.163671082923000,"0","0","253602","253665",480.668721807999987,480.668721808007490,"1","08",Manawatu-Wanganui Region,25322.14256030000,22220.58999180000,"414",North Cook Strait,"1365584",{1BA1FA3D-1473-4ED8-AEB3-FC460A0E9711},North Cook Strait,1421796.417902318527922,13655837189.367370605468750,"425","31.02",Foxton,Manawatu,299669.699678189179394,-928777867.036831855773926,Waikawa Stream,"61",Waikawa Stream,HRC,4. Beach stream,4D. Stream with ribbon lagoon,5493158.321999999694526,1780892.675999999977648,521.000000000000000,3980.000000000000000,111227.000000000000000,0.000000000000000,2.000000000000000,-9999.000000000000000,0.000000000000000,0.000000000000000,76.000000000000000,152417.000000000000000,"1",298.174106636979161,1781104.437300000106916,5493368.238699999637902,1780892.676086425781250,5493158.322082519531250
"248726",57653.528251137846382,408126752.000000000000000,"7248799",0.000000000000000,"0","248389","5",87.464278422700005,5.816629886630000,1.609138965610000,1883177.017599999904633,1883222.025200000032783,5491380.684200000017881,5491455.726999999955297,1.071101251960000,"7048560","65592",2.754105614930000,"0","0","254188","254209",93.683098120599993,93.683098120576602,"1","08",Manawatu-Wanganui Region,25322.14256030000,22220.58999180000,"414",North Cook Strait,"1365584",{1BA1FA3D-1473-4ED8-AEB3-FC460A0E9711},North Cook Strait,1421796.417902318527922,13655837189.367370605468750,"428","35.01",Eastern Wairarapa,Eastern Wairarapa,402398.513252937002108,-3945917588.644636154174805,Owahanga River,"62",Owahanga River,HRC,6. Tidal river mouth,6B. Spit enclosed,5491406.038999999873340,1883245.574000000022352,78.000000000000000,10053.000000000000000,589793.000000000000000,0.000000000000000,2.000000000000000,1391322.000000000000000,1.400000000000000,801529.000000000000000,411.000000000000000,798913.999999999883585,"1",34.603795778812568,1883222.025200000032783,5491380.684200000017881,1883245.574096679687500,5491406.039123535156250
"251661",232389.399180879758205,191357968.000000000000000,"9251713",0.000000000000000,"0","252088","5",315.356940624000003,12.673096656800000,5.879434585570000,1875521.566099999705330,1875806.654600000008941,5480187.223600000143051,5480322.336600000038743,1.081497202350000,"9001838","36897",2.047800677610000,"0","0","257140","257179",442.542346744999975,442.542346745498890,"1","09",Wellington Region,15945.34424360000,8048.66146280000,"414",North Cook Strait,"1365584",{1BA1FA3D-1473-4ED8-AEB3-FC460A0E9711},North Cook Strait,1421796.417902318527922,13655837189.367370605468750,"428","35.01",Eastern Wairarapa,Eastern Wairarapa,402398.513252937002108,-3945917588.644636154174805,Mataikona River,"63",Mataikona River,GWRC,6. Tidal river mouth,6B. Spit enclosed,5480397.503999998793006,1875994.428000000072643,53.000000000000000,3246.000000000000000,102670.000000000000000,0.000000000000000,2.000000000000000,242096.000000000000000,1.400000000000000,139426.000000000000000,189.000000000000000,408308.000000000000000,"1",281.916249488760343,1875806.654600000008941,5480187.223600000143051,1875994.428100585937500,5480397.504089355468750
"253496",18001.026028352447611,152753696.000000000000000,"9253579",0.000000000000000,"0","256841","5",15.000000000000000,1.567329645160000,0.000000000000000,1769118.631300000008196,1769103.630899999989197,5473462.110399999655783,5473462.110000000335276,1.000026666980000,"9003756","24527",5.965114442710000,"0","0","259037","259038",15.000400004699999,15.000400004653679,"1","09",Wellington Region,15945.34424360000,8048.66146280000,"414",North Cook Strait,"1365584",{1BA1FA3D-1473-4ED8-AEB3-FC460A0E9711},North Cook Strait,1421796.417902318527922,13655837189.367370605468750,"425","31.02",Foxton,Manawatu,299669.699678189179394,-928777867.036831855773926,Waikanae River,"64",Waikanae River,GWRC,6. Tidal river mouth,6B. Spit enclosed,5473437.241999999620020,1768817.753999999957159,723.000000000000000,6654.000000000000000,331270.000000000000000,50.000000000000000,2.000000000000000,618297.000000000000000,1.800000000000000,451236.999999999941792,21.000000000000000,37380.000000000000000,"1",286.956411137450004,1769103.630899999989197,5473462.110399999655783,1768817.754089355468750,5473437.242126464843750
"258064",81947.616492512999685,532456960.000000000000000,"9258154",0.000000000000000,"0","258898","5",129.034879006000011,10.817790985100000,1.957696199420000,1861140.656200000317767,1861245.667200000025332,5454861.800099998712540,5454936.849299999885261,1.054797147950000,"9008089","69678",3.928012772230000,"0","0","263656","263676",136.105622361000002,136.105622360736078,"1","09",Wellington Region,15945.34424360000,8048.66146280000,"414",North Cook Strait,"1365584",{1BA1FA3D-1473-4ED8-AEB3-FC460A0E9711},North Cook Strait,1421796.417902318527922,13655837189.367370605468750,"428","35.01",Eastern Wairarapa,Eastern Wairarapa,402398.513252937002108,-3945917588.644636154174805,Whareama River,"65",Whareama River,GWRC,6. Tidal river mouth,6A. Unrestricted,5454859.820000000298023,1861258.195999999996275,47.000000000000000,3376.000000000000000,118091.000000000000000,0.000000000000000,2.000000000000000,276805.000000000000000,1.300000000000000,158714.000000000000000,530.000000000000000,917784.000000000000000,"1",12.684390725333259,1861245.667200000025332,5454861.800099998712540,1861258.196105957031250,5454859.820129394531250
"260539",212379.269194599211914,53576500.000000000000000,"9260544",0.000000000000000,"0","262728","5",405.277682583000001,13.565436363200000,2.562685012820000,1754687.065799999982119,1754672.102600000100210,5445098.266099999658763,5444693.284400000236928,1.014596245470000,"9010379","13849",1.555122955650000,"0","0","266185","266186",411.193215122000026,411.193215121668345,"1","09",Wellington Region,15945.34424360000,8048.66146280000,"414",North Cook Strait,"1365584",{1BA1FA3D-1473-4ED8-AEB3-FC460A0E9711},North Cook Strait,1421796.417902318527922,13655837189.367370605468750,"446","39.01",Wellington,Sounds-Wellington,201891.721317169110989,-519344724.391578078269958,Kenepuru Stream,"66",Porirua Harbour,GWRC,8. Shallow drowned valley,,5448177.288999999873340,1753491.253000000026077,891.000000000000000,2891.000000000000000,390948.000000000000000,0.000000000000000,3.000000000000000,1264686.000000000000000,1.000000000000000,385084.000000000000000,1.000000000000000,1631.000000000000000,"1",3297.694390160953390,1754672.102600000100210,5445098.266099999658763,1753491.253112792968750,5448177.289123535156250
"267347",1326373.625892817042768,133821568.000000000000000,"9267263",0.000000000000000,"0","267050","5",1144.825314189999972,19.562562942500001,0.000000000000000,1757473.041999999899417,1756872.931799999903888,5413780.089100000448525,5414754.905600000172853,1.812410395910000,"9016680","35687",0.978964742650000,"0","0","272997","273144",2074.893300929999896,2074.893300930295027,"1","09",Wellington Region,15945.34424360000,8048.66146280000,"414",North Cook Strait,"1365584",{1BA1FA3D-1473-4ED8-AEB3-FC460A0E9711},North Cook Strait,1421796.417902318527922,13655837189.367370605468750,"431","38.01",Tararua,Tararua,297656.618376368656754,-2407266508.875312805175781,Wainuiomata River,"67",Wainuiomata River,GWRC,3. Hāpua-type lagoon,3C. Small,5413794.730999999679625,1756911.210999999893829,30.000000000000000,2432.000000000000000,40514.000000000000000,0.000000000000000,1.000000000000000,40514.000000000000000,0.000000000000000,0.000000000000000,134.000000000000000,363330.000000000000000,"1",40.984069319933091,1756872.931799999903888,5413780.089100000448525,1756911.211120605468750,5413794.731079101562500
"268374",997228.488224275875837,151937936.000000000000000,"9268349",0.000000000000000,"0","268336","5",1147.201813110000103,19.373407363900000,3.055243968960000,1809398.530000000027940,1810253.318099999800324,5402098.387500000186265,5402863.648900000378489,1.174709275050000,"9017644","42288",0.814938719469000,"0","0","274163","274222",1347.628610210000033,1347.628610212228295,"1","09",Wellington Region,15945.34424360000,8048.66146280000,"414",North Cook Strait,"1365584",{1BA1FA3D-1473-4ED8-AEB3-FC460A0E9711},North Cook Strait,1421796.417902318527922,13655837189.367370605468750,"428","35.01",Eastern Wairarapa,Eastern Wairarapa,402398.513252937002108,-3945917588.644636154174805,Awhea River,"68",Awhea River,GWRC,6. Tidal river mouth,6C. Barrier beach enclosed,5402079.987999999895692,1810483.445999999996275,0.000000000000000,3301.000000000000000,56818.000000000000000,0.000000000000000,1.000000000000000,56818.000000000000000,1.300000000000000,0.000000000000000,149.000000000000000,276212.000000000000000,"1",230.862377000881622,1810253.318099999800324,5402098.387500000186265,1810483.446105957031250,5402079.988098144531250
"268760",62997.314327020219935,105650200.000000000000000,"9268777",0.000000000000000,"0","268777","5",54.083269131999998,4.095368862150000,1.866976141930000,1801356.430699999677017,1801326.418300000019372,5395501.023500000126660,5395546.013799999840558,1.061792139690000,"9018042","24654",2.359424032820000,"0","0","274631","274636",57.425190053199998,57.425190053180245,"1","09",Wellington Region,15945.34424360000,8048.66146280000,"414",North Cook Strait,"1365584",{1BA1FA3D-1473-4ED8-AEB3-FC460A0E9711},North Cook Strait,1421796.417902318527922,13655837189.367370605468750,"428","35.01",Eastern Wairarapa,Eastern Wairarapa,402398.513252937002108,-3945917588.644636154174805,Opouawe River,"69",Opouawe River,GWRC,5. Freshwater river mouth,5C. Barrier beach enclosed,5395541.947999999858439,1802057.249000000068918,20.000000000000000,-9999.000000000000000,-9999.000000000000000,-9999.000000000000000,-9999.000000000000000,-9999.000000000000000,-9999.000000000000000,-9999.000000000000000,105.000000000000000,207830.000000000000000,"1",731.975723685297908,1801326.418300000019372,5395501.023500000126660,1802057.249084472656250,5395541.948120117187500
"269566",557415.505650252918713,75865880.000000000000000,"10000667",0.000000000000000,"0","270559","5",784.917830094000010,24.929336547900000,2.269626855850000,1546226.271699999924749,1546406.180399999953806,5494364.438000000081956,5493599.839599999599159,1.132345529290000,"10000724","18469",1.653607103760000,"0","0","275588","275589",888.798195769000017,888.798195768577671,"1","16",Tasman Region,14800.25443680000,9616.22815192000,"417",South Cook Strait,"1225007",{479B38CE-D474-43FE-B5E7-85052860F2A7},South Cook Strait,2834755.738296909257770,12250066949.409322738647461,"1035","46.01",West Whanganui,North-west Nelson,223119.877165235579014,-298458417.687872827053070,Anatori River,"70",Anatori River,TDC,3. Hāpua-type lagoon,3B. Medium,5494348.002000000327826,1546369.382999999914318,108.000000000000000,2885.000000000000000,94212.000000000000000,0.000000000000000,1.000000000000000,94212.000000000000000,0.000000000000000,0.000000000000000,74.000000000000000,402827.000000000058208,"1",40.301111779117186,1546406.180399999953806,5494364.438000000081956,1546369.383117675781250,5494348.002075195312500
"270412",1540079.534080911893398,106200408.000000000000000,"10001420",0.000000000000000,"0","272911","5",1488.763580959999899,65.685897827100007,1.732793688770000,1537890.439000000013039,1537770.555399999953806,5485459.286600000225008,5483975.062599999830127,1.113741458330000,"10001495","29924",2.459754457700000,"0","0","276515","276516",1658.097721769999907,1658.097721767361691,"1","16",Tasman Region,14800.25443680000,9616.22815192000,"417",South Cook Strait,"1225007",{479B38CE-D474-43FE-B5E7-85052860F2A7},South Cook Strait,2834755.738296909257770,12250066949.409322738647461,"1037","46.05",Heaphy,North-west Nelson,139326.754204389348160,-713402646.771713376045227,Big River (Tasman),"71",Big River,TDC,5. Freshwater river mouth,5C. Barrier beach enclosed,5486906.605000000447035,1537336.945000000065193,111.000000000000000,4058.000000000000000,248897.000000000000000,51.000000000000000,3.000000000000000,-9999.000000000000000,3.000000000000000,565975.000000000000000,111.000000000000000,889121.000000000000000,"1",1510.876803239023729,1537770.555399999953806,5485459.286600000225008,1537336.945129394531250,5486906.605102539062500
"270874",858756.216746215475723,871673664.000000000000000,"10001927",0.000000000000000,"1","281102","5",1015.135458940000035,12.389349937400000,0.811368525028000,1582733.934099999954924,1583303.672400000039488,5481440.980100000277162,5480601.332999999634922,1.059598812760000,"10002022","0",0.653450669685000,"0","0","277037","277038",1075.636327089999895,1075.636327086289384,"1","16",Tasman Region,14800.25443680000,9616.22815192000,"417",South Cook Strait,"1225007",{479B38CE-D474-43FE-B5E7-85052860F2A7},South Cook Strait,2834755.738296909257770,12250066949.409322738647461,"1046","46.03",Golden Bay,North-west Nelson,265356.508811920182779,-314297986.255491554737091,Takaka River,"72",Takaka River,TDC,5. Freshwater river mouth,5B. Deltaic,5481579.386000000871718,1583044.878000000026077,171.000000000000000,10099.000000000000000,242502.000000000000000,5.000000000000000,4.000000000000000,-9999.000000000000000,3.600000000000000,858318.000000000116415,878.000000000000000,3502381.000000000000000,"1",293.480333671146411,1583303.672400000039488,5481440.980100000277162,1583044.878112792968750,5481579.386108398437500
"274527",182514.233426789200166,298192544.000000000000000,"12005639",0.000000000000000,"0","275602","5",232.862620443999987,12.353609085100000,2.451344013210000,1524995.660900000017136,1524770.769599999999627,5462357.128200000151992,5462417.076100000180304,1.072416653300000,"12000667","37685",2.434983273520000,"0","0","280944","280954",249.725752094999990,249.725752095206275,"1","12",West Coast Region,36339.59156420001,23243.81176000000,"418",West Coast South Island,"1311180",{5478D1F7-9DE7-4D55-8CA7-24D2229D99EC},West Coast South Island,1279617.339320387924090,13111801767.683631896972656,"1037","46.05",Heaphy,North-west Nelson,139326.754204389348160,-713402646.771713376045227,Heaphy River,"73",Heaphy River,WCRC,5. Freshwater river mouth,5A. Unrestricted,5462383.411000000312924,1524740.523999999975786,101.000000000000000,3418.000000000000000,101243.000000000000000,3.000000000000000,4.000000000000000,-9999.000000000000000,3.000000000000000,298220.999999999941792,298.000000000000000,1994463.000000000000000,"1",40.069677831745231,1524770.769599999999627,5462357.128200000151992,1524740.524108886951581,5462383.411071777343750
"278875",348940.754027836082969,148772384.000000000000000,"10009921",0.000000000000000,"0","285143","5",694.874089314000003,10.833686828599999,0.997949004173000,1599781.780500000109896,1600366.575799999991432,5445215.341099999845028,5444840.499999999068677,1.115582365540000,"10008040","24803",0.810950996522000,"0","0","285763","285764",775.189280307999979,775.189280307639820,"1","16",Tasman Region,14800.25443680000,9616.22815192000,"417",South Cook Strait,"1225007",{479B38CE-D474-43FE-B5E7-85052860F2A7},South Cook Strait,2834755.738296909257770,12250066949.409322738647461,"450","47.01",Motueka,Nelson,64725.379261767484422,-75556544.791705176234245,Moutere River,"74",Motueka Estuary South,TDC,7. Tidal lagoon,7A. Permanently open,5447112.502000000327826,1602478.970999999903142,1064.000000000000000,7247.000000000000000,1555522.000000000000000,80.000000000000000,3.000000000000000,3971053.000000000000000,3.600000000000000,3363777.000000000000000,1.000000000000000,1622.000000000000000,"1",2839.266418914973201,1600366.575799999991432,5445215.341099999845028,1602478.971130371093750,5447112.502075195312500
"281357",210404.138523519650334,134610080.000000000000000,"12012575",0.000000000000000,"0","281337","5",258.940147523999997,1.838445186610000,0.000000000000000,1525352.637799999909475,1525097.762100000167266,5437154.363400001078844,5437109.351700000464916,1.056276469260000,"12002776","29576",0.406786737625000,"0","0","288424","288425",273.512384775999976,273.512384775751286,"1","12",West Coast Region,36339.59156420001,23243.81176000000,"418",West Coast South Island,"1311180",{5478D1F7-9DE7-4D55-8CA7-24D2229D99EC},West Coast South Island,1279617.339320387924090,13111801767.683631896972656,"452","46.08",Karamea,North-west Nelson,161937.191786557901651,-634885190.790858626365662,Oparara River,"75",Oparara River,WCRC,7. Tidal lagoon,7A. Permanently open,5437516.337000000290573,1524648.527000000001863,161.000000000000000,10764.000000000000000,760272.000000000000000,50.000000000000000,3.000000000000000,2468446.000000000000000,3.000000000000000,1701331.000000000000000,150.000000000000000,806399.000000000000000,"1",576.920309069443533,1525097.762100000167266,5437154.363400001078844,1524648.527099609375000,5437516.337097167968750
"283174",159195.644422123325057,91352024.000000000000000,"10014256",0.000000000000000,"0","285809","5",342.709789763999993,6.340055465700000,0.000000000000000,1623682.906399999978021,1623547.964900000020862,5431659.182099999859929,5431344.279199999757111,1.081956989340000,"10010859","20237",1.059838757310000,"0","0","290159","290398",370.797252350999997,370.797252350749716,"1","17",Nelson Region,1234.78625597000,424.41237517800,"417",South Cook Strait,"1225007",{479B38CE-D474-43FE-B5E7-85052860F2A7},South Cook Strait,2834755.738296909257770,12250066949.409322738647461,"1040","47.03",Bryant,Nelson,205218.722528659825912,-896027016.109670042991638,Maitai River,"76",Nelson Haven,NCC,7. Tidal lagoon,7A. Permanently open,5431728.048999999649823,1621629.666999999899417,604.000000000000000,29836.000000000000000,12629813.000000000000000,66.000000000000000,3.000000000000000,37895215.000000000000000,3.600000000000000,30800259.000000000000000,129.000000000000000,267588.000000000000000,"1",1919.533551322433595,1623547.964900000020862,5431659.182099999859929,1621629.667114257812500,5431728.049072265625000
"284004",415585.986122486006934,146523904.000000000000000,"11014952",0.000000000000000,"0","289178","5",991.476172180000049,14.785059928900001,0.000000000000000,1665220.617899999953806,1664920.742899999720976,5429827.835400000214577,5428883.063300000503659,1.103239160470000,"11011388","26508",0.854341311008000,"0","0","291279","291280",1093.835339819999945,1093.835339821998332,"1","18",Marlborough Region,17688.85654050000,10457.65338400000,"417",South Cook Strait,"1225007",{479B38CE-D474-43FE-B5E7-85052860F2A7},South Cook Strait,2834755.738296909257770,12250066949.409322738647461,"445","39.03",Sounds,Sounds-Wellington,833606.229624913190491,-979783476.911425232887268,Kaituna River (Marlborough),"77",no-match,MDC,9. Deep drowned valley,6B. Spit enclosed,5411835.048999999649823,1686116.067999999737367,35.000000000000000,-9999.000000000000000,-9999.000000000000000,-9999.000000000000000,-9999.000000000000000,-9999.000000000000000,-9999.000000000000000,-9999.000000000000000,3582.000000000000000,5067194.000000000000000,"1",27802.556911461844720,1664920.742899999720976,5429827.835400000214577,1686116.068115234375000,5411835.049072265625000
"288441",1111427.198610108578578,182950496.000000000000000,"12019230",0.000000000000000,"0","291195","5",1169.153967620000003,13.096896171599999,2.579085111620000,1522741.162500000093132,1521856.433500000042841,5417333.761300000362098,5418098.293300000019372,2.074717696780000,"12004539","28354",0.515424109776000,"0","0","295569","295819",2425.664426889999959,2425.664426886160072,"1","12",West Coast Region,36339.59156420001,23243.81176000000,"418",West Coast South Island,"1311180",{5478D1F7-9DE7-4D55-8CA7-24D2229D99EC},West Coast South Island,1279617.339320387924090,13111801767.683631896972656,"452","46.08",Karamea,North-west Nelson,161937.191786557901651,-634885190.790858626365662,Little Wanganui River,"78",Little Wanganui River,WCRC,6. Tidal river mouth,6B. Spit enclosed,5417275.088999999687076,1521287.699999999953434,122.000000000000000,8747.000000000000000,385492.000000000000000,29.000000000000000,3.000000000000000,1248904.000000000000000,3.000000000000000,976400.000000000000000,213.000000000000000,937225.000000000000000,"1",571.751813670340198,1521856.433500000042841,5417333.761300000362098,1521287.700073242187500,5417275.089111328125000
"298217",821032.524273300310597,197297664.000000029802322,"12029352",0.000000000000000,"0","301895","5",811.036990524999965,19.109403610200001,1.472866415980000,1507083.483299999963492,1506348.847400000086054,5393316.580900000408292,5392971.581399999558926,1.082006301190000,"12007157","25246",1.245738832070000,"0","0","305659","305660",877.547134243999949,877.547134243686401,"1","12",West Coast Region,36339.59156420001,23243.81176000000,"418",West Coast South Island,"1311180",{5478D1F7-9DE7-4D55-8CA7-24D2229D99EC},West Coast South Island,1279617.339320387924090,13111801767.683631896972656,"477","48.02",Foulwind,North Westland,161337.022269396868069,-396639668.191308259963989,Ngakawau River,"79",Ngakawau River,WCRC,6. Tidal river mouth,6B. Spit enclosed,5393325.932000000029802,1506343.222000000067055,64.000000000000000,3175.000000000000000,107744.000000000000000,14.000000000000000,4.000000000000000,387127.000000000058208,2.900000000000000,293982.000000000000000,195.000000000000000,1354471.000000000000000,"1",10.912809176989025,1506348.847400000086054,5393316.580900000408292,1506343.222106933593750,5393325.932128906250000
"300645",18891.196395137540094,102186352.000000000000000,"11031865",0.000000000000000,"0","305653","5",75.000000000000000,4.000000000000000,0.000000000000000,1696349.118499999865890,1696424.101100000087172,5387190.171199999749660,5387190.181699999608099,0.999768009799000,"11023279","26141",0.378276925260000,"0","0","308126","308127",196.823689728000005,196.823689728121934,"1","18",Marlborough Region,17688.85654050000,10457.65338400000,"417",South Cook Strait,"1225007",{479B38CE-D474-43FE-B5E7-85052860F2A7},South Cook Strait,2834755.738296909257770,12250066949.409322738647461,"476","41.03",Grassmere,Wairau,63541.126552211797389,-198436945.742965459823608,Otuwhero River,"80",Lake Grassmere,MDC,2. Waituna-type lagoon,2A. Coastal plain depression,5381309.382000000216067,1698589.550999999977648,46.000000000000000,42772.000000000000000,13675802.000000000000000,0.000000000000000,1.000000000000000,13675802.000000000000000,0.000000000000000,0.000000000000000,62.000000000000000,55869.000000000000000,"1",6266.805750675505806,1696424.101100000087172,5387190.171199999749660,1698589.551086425781250,5381309.382080078125000
"310568",751121.788699752185494,154539952.000000000000000,"11041924",0.000000000000000,"0","310281","5",745.678214782000055,18.152360916100001,0.000000000000000,1698025.636699999915436,1698220.465599999995902,5366614.866799999959767,5367334.718899999745190,1.412885087180000,"11028279","35953",1.394500532330000,"0","0","317522","318112",1053.557629500000075,1053.557629496440995,"1","18",Marlborough Region,17688.85654050000,10457.65338400000,"413",East Coast South Island,"1108122",{0F961E84-FFF0-4F16-9BBC-422F3620ED46},East Coast South Island,1345807.113818614045158,11081218286.227926254272461,"483","45.01",Kekerengu,Kaikoura,143826.814932727138512,-273141118.007487952709198,Flaxbourne River,"81",Flaxbourne River,MDC,4. Beach stream,4C. Stream with pond,5366402.009999999776483,1698200.091000000014901,4.000000000000000,-9999.000000000000000,-9999.000000000000000,0.000000000000000,-9999.000000000000000,-9999.000000000000000,0.000000000000000,0.000000000000000,154.000000000000000,218216.000000000000000,"1",213.829619971137106,1698220.465599999995902,5366614.866799999959767,1698200.091125488281250,5366402.010070800781250
"314061",187970.089448655431625,127287936.000000000000000,"12045242",0.000000000000000,"0","321602","5",195.000000000000000,20.322946548499999,0.000000000000000,1470939.908300000010058,1470939.957600000081584,5360516.917799999937415,5360321.985100000165403,1.127061777200000,"12014358","26783",5.949901668500000,"0","0","321579","321580",219.777046552999991,219.777046553304672,"1","12",West Coast Region,36339.59156420001,23243.81176000000,"418",West Coast South Island,"1311180",{5478D1F7-9DE7-4D55-8CA7-24D2229D99EC},West Coast South Island,1279617.339320387924090,13111801767.683631896972656,"477","48.02",Foulwind,North Westland,161337.022269396868069,-396639668.191308259963989,Waitakere/Nile River,"82",Waitakere River (Nile River),WCRC,5. Freshwater river mouth,5C. Barrier beach enclosed,5360526.604000000283122,1470939.833000000333413,61.000000000000000,3258.000000000000000,63971.000000000000000,0.000000000000000,4.000000000000000,-9999.000000000000000,2.700000000000000,175064.000000000000000,127.000000000000000,837513.000000000000000,"1",9.687125669440594,1470939.957600000081584,5360516.917799999937415,1470939.833129882812500,5360526.604125976562500
"321623",355277.367646682658233,104718112.000000000000000,"12052705",0.000000000000000,"0","324360","5",499.524774159999993,18.713266372700001,2.126380920410000,1466497.526199999963865,1466167.724500000011176,5345523.069500000216067,5345148.103400000371039,1.024033760640000,"12018261","18934",1.901827226330000,"0","0","329197","329198",511.530233017999990,511.530233018283070,"1","12",West Coast Region,36339.59156420001,23243.81176000000,"418",West Coast South Island,"1311180",{5478D1F7-9DE7-4D55-8CA7-24D2229D99EC},West Coast South Island,1279617.339320387924090,13111801767.683631896972656,"487","48.05",Punakaiki,North Westland,147103.094857114134356,-594781763.112190723419189,Fox River,"83",Fox River,WCRC,5. Freshwater river mouth,5C. Barrier beach enclosed,5345433.137000000104308,1466132.347999999998137,51.000000000000000,-9999.000000000000000,-9999.000000000000000,-9999.000000000000000,-9999.000000000000000,-9999.000000000000000,-9999.000000000000000,-9999.000000000000000,105.000000000000000,148526.000000000000000,"1",96.640209640996218,1466167.724500000011176,5345523.069500000216067,1466132.348083496093750,5345433.137084960937500
"325217",13492.020552967687763,104090624.000000000000000,"12056503",0.000000000000000,"0","328348","5",75.000000000000000,6.516706466670000,0.000000000000000,1462596.834000000031665,1462521.856200000038370,5337741.366600000299513,5337741.347599999979138,0.999704032092000,"12019962","20103",4.965926662810000,"0","0","332810","332811",74.977802406899997,74.977802406906932,"1","12",West Coast Region,36339.59156420001,23243.81176000000,"418",West Coast South Island,"1311180",{5478D1F7-9DE7-4D55-8CA7-24D2229D99EC},West Coast South Island,1279617.339320387924090,13111801767.683631896972656,"487","48.05",Punakaiki,North Westland,147103.094857114134356,-594781763.112190723419189,Pororari River,"84",Pororari River,WCRC,6. Tidal river mouth,6B. Spit enclosed,5337759.898000000044703,1462533.223999999929219,35.000000000000000,3825.000000000000000,113372.000000000000000,5.000000000000000,4.000000000000000,403920.999999999941792,2.700000000000000,295820.999999999941792,104.000000000000000,638086.000000000116415,"1",21.740401516970671,1462521.856200000038370,5337741.366600000299513,1462533.224121093750000,5337759.898071289062500
"336385",243735.321485854336061,135334176.000000000000000,"13067653",0.000000000000000,"0","335582","5",237.170824513000014,7.537215709690000,1.776081442830000,1660887.368100000079721,1661112.279200000222772,5313702.128000000491738,5313777.141200000420213,1.153376343160000,"13007509","19162",1.391502925040000,"0","0","344046","344077",273.547218281000028,273.547218280724451,"1","13",Canterbury Region,56773.86937420000,44507.60389690000,"413",East Coast South Island,"1108122",{0F961E84-FFF0-4F16-9BBC-422F3620ED46},East Coast South Island,1345807.113818614045158,11081218286.227926254272461,"500","45.03",Kowhai,Kaikoura,64152.180290575968684,-108181239.673576787114143,Hapuku River,"85",no-match,MDC,5. Freshwater river mouth,5A. Unrestricted,5330572.791000000201166,1676620.868999999947846,12.000000000000000,-9999.000000000000000,-9999.000000000000000,-9999.000000000000000,-9999.000000000000000,-9999.000000000000000,-9999.000000000000000,-9999.000000000000000,3301.000000000000000,4671701.000000000000000,"1",22915.838031795330608,1661112.279200000222772,5313702.128000000491738,1676620.869079589610919,5330572.791076660156250
"341727",43169.545994428925042,230950352.000000000000000,"13072946",0.000000000000000,"0","341540","5",222.991031209999989,15.025535583500000,0.000000000000000,1648289.747100000036880,1648454.664700000314042,5301783.361600001342595,5301933.335400000214577,1.096991695670000,"13010305","28965",3.854866710610000,"0","0","349390","349455",244.619309445999988,244.619309445958123,"1","13",Canterbury Region,56773.86937420000,44507.60389690000,"413",East Coast South Island,"1108122",{0F961E84-FFF0-4F16-9BBC-422F3620ED46},East Coast South Island,1345807.113818614045158,11081218286.227926254272461,"497","52.01",Hunalee,Lowry,213611.545811556949047,-1342653218.346131801605225,Kahutara River,"86",no-match,ECAN,3. Hāpua-type lagoon,3C. Small,5281731.385999999940395,1638338.591000000014901,7.000000000000000,-9999.000000000000000,-9999.000000000000000,0.000000000000000,-9999.000000000000000,0.000000000000000,0.000000000000000,0.000000000000000,503.000000000000000,712342.000000000116415,"1",22459.222285751220625,1648454.664700000314042,5301783.361600001342595,1638338.591125488281250,5281731.386108398437500
"353455",324806.783335066866130,286836128.000000000000000,"12084397",0.000000000000000,"0","365869","5",847.732269057000053,12.196076393100000,1.873138427730000,1438347.083199999993667,1438152.280399999814108,5274626.111799999140203,5273801.190200000070035,1.068310984570000,"12032271","60241",0.697663376603000,"0","0","361237","361238",905.641695011000024,905.641695011475349,"1","12",West Coast Region,36339.59156420001,23243.81176000000,"418",West Coast South Island,"1311180",{5478D1F7-9DE7-4D55-8CA7-24D2229D99EC},West Coast South Island,1279617.339320387924090,13111801767.683631896972656,"506","50.01",Hokitika,Whataroa,153462.398240682436153,-1094257032.837642192840576,Arahura River,"87",Arahura River,WCRC,6. Tidal river mouth,6C. Barrier beach enclosed,5274687.792000001296401,1438132.307999999960884,18.000000000000000,-9999.000000000000000,-9999.000000000000000,-9999.000000000000000,-9999.000000000000000,-9999.000000000000000,-9999.000000000000000,-9999.000000000000000,287.000000000000000,405852.000000000000000,"1",64.833276300709542,1438152.280399999814108,5274626.111799999140203,1438132.308105468750000,5274687.792114257812500
"364728",32396.864606316594291,157409551.999999970197678,"12095984",0.000000000000000,"0","374813","5",138.293166858999996,3.198292493820000,1.096069097520000,1417494.107699999818578,1417524.130300000309944,5247992.698099999688566,5247857.709900000132620,1.065991631750000,"12036531","34885",0.870898379643000,"0","0","372565","372566",147.419358600999999,147.419358600882674,"1","12",West Coast Region,36339.59156420001,23243.81176000000,"418",West Coast South Island,"1311180",{5478D1F7-9DE7-4D55-8CA7-24D2229D99EC},West Coast South Island,1279617.339320387924090,13111801767.683631896972656,"506","50.01",Hokitika,Whataroa,153462.398240682436153,-1094257032.837642192840576,Mikonui River,"88",Mikonui River,WCRC,6. Tidal river mouth,6C. Barrier beach enclosed,5247996.605000000447035,1417545.987999999895692,42.000000000000000,3345.000000000000000,63335.000000000000000,18.000000000000000,3.000000000000000,196813.000000000000000,2.500000000000000,145017.000000000000000,157.000000000000000,1506617.000000000000000,"1",22.204234023181225,1417524.130300000309944,5247992.698099999688566,1417545.988098144531250,5247996.605102539062500
"368409",625486.455635339603759,315346304.000000000000000,"12099034",0.000000000000000,"0","378653","5",1366.318044970000074,10.859645843499999,0.665597081184000,1409182.968799999915063,1409123.205400000093505,5241304.387699999846518,5239939.393099999986589,1.053591919360000,"12037525","43159",0.427473928100000,"0","0","376280","376281",1439.541651450000018,1439.541651453144823,"1","12",West Coast Region,36339.59156420001,23243.81176000000,"418",West Coast South Island,"1311180",{5478D1F7-9DE7-4D55-8CA7-24D2229D99EC},West Coast South Island,1279617.339320387924090,13111801767.683631896972656,"520","50.03",Harihari,Whataroa,215744.296874542662408,-930717759.361467719078064,Waitaha River,"89",Waitaha River,WCRC,6. Tidal river mouth,6C. Barrier beach enclosed,5241476.264000000432134,1409163.297000000020489,325.000000000000000,7663.000000000000000,257346.000000000000000,22.000000000000000,3.000000000000000,778393.999999999883585,2.500000000000000,576737.000000000000000,318.000000000000000,3170404.000000000000000,"1",176.490346814010024,1409123.205400000093505,5241304.387699999846518,1409163.297119140625000,5241476.264099121093750
"371430",1145691.296762123238295,93146632.000000000000000,"13102202",0.000000000000000,"0","371672","5",1221.513814899999943,19.680973052999999,0.000000000000000,1605607.073099999921396,1606206.743299999972805,5233489.774500000290573,5234554.404399999417365,2.017246664980000,"13029322","30242",0.923067361958000,"0","0","378794","379318",2464.094669340000110,2464.094669344689464,"1","13",Canterbury Region,56773.86937420000,44507.60389690000,"413",East Coast South Island,"1108122",{0F961E84-FFF0-4F16-9BBC-422F3620ED46},East Coast South Island,1345807.113818614045158,11081218286.227926254272461,"519","52.06",Motunau,Lowry,113327.469527897526859,-502176487.461886703968048,Motunau River,"90",no-match,ECAN,6. Tidal river mouth,3B. Medium,5249749.930999999865890,1623841.196999999927357,120.000000000000000,6399.000000000000000,178552.000000000000000,0.000000000000000,2.000000000000000,267828.000000000000000,0.000000000000000,0.000000000000000,2678.000000000000000,5031291.000000000000000,"1",23986.801633016548294,1606206.743299999972805,5233489.774500000290573,1623841.197082519531250,5249749.931091308593750
"372181",15301.910064787269221,521779360.000000000000000,"12103389",0.000000000000000,"0","385276","5",96.046863561500004,2.454154014590000,0.895005941391000,1390551.092600000323728,1390491.102500000037253,5232037.488400000147521,5231962.472799999639392,1.039690878740000,"12038573","59810",0.930012571118000,"0","0","380085","380086",99.859047976100001,99.859047976148020,"1","12",West Coast Region,36339.59156420001,23243.81176000000,"418",West Coast South Island,"1311180",{5478D1F7-9DE7-4D55-8CA7-24D2229D99EC},West Coast South Island,1279617.339320387924090,13111801767.683631896972656,"520","50.03",Harihari,Whataroa,215744.296874542662408,-930717759.361467719078064,Wanganui River,"91",Wanganui River,WCRC,6. Tidal river mouth,6C. Barrier beach enclosed,5232006.910000001080334,1390481.445000000065193,150.000000000000000,-9999.000000000000000,-9999.000000000000000,-9999.000000000000000,-9999.000000000000000,-9999.000000000000000,-9999.000000000000000,-9999.000000000000000,521.000000000000000,738157.000000000000000,"1",32.067078609611805,1390491.102500000037253,5232037.488400000147521,1390481.445129394531250,5232006.910095214843750
"372825",56707.995635744111496,258340352.000000029802322,"12104054",0.000000000000000,"0","384031","5",162.249807395999994,3.654129266740000,1.776301026340000,1388660.705400000093505,1388750.736199999926612,5230657.712500000372529,5230522.719100000336766,1.061890598580000,"12038769","40266",0.663093962538000,"0","0","380726","380727",172.291545094000014,172.291545094329507,"1","12",West Coast Region,36339.59156420001,23243.81176000000,"418",West Coast South Island,"1311180",{5478D1F7-9DE7-4D55-8CA7-24D2229D99EC},West Coast South Island,1279617.339320387924090,13111801767.683631896972656,"520","50.03",Harihari,Whataroa,215744.296874542662408,-930717759.361467719078064,Poerua River,"92",Poerua River (Hikimutu Lagoon),WCRC,6. Tidal river mouth,6C. Barrier beach enclosed,5230694.047000001184642,1388783.803000000072643,69.000000000000000,11291.000000000000000,347812.000000000000000,0.000000000000000,3.000000000000000,1195083.000000000000000,2.400000000000000,847270.000000000116415,257.000000000000000,1525394.000000000000000,"1",49.128652153629538,1388750.736199999926612,5230657.712500000372529,1388783.803100585937500,5230694.047119140625000
"381559",192668.942968918214319,301991232.000000000000000,"12112792",0.000000000000000,"0","388845","5",484.200371747000020,0.120661176741000,0.000000000000000,1369905.148499999893829,1369440.045099999988452,5210888.466199999675155,5211023.420599999837577,1.153030792710000,"12041555","35102",0.014277928953800,"0","0","389459","389515",558.297938466000005,558.297938466010805,"1","12",West Coast Region,36339.59156420001,23243.81176000000,"418",West Coast South Island,"1311180",{5478D1F7-9DE7-4D55-8CA7-24D2229D99EC},West Coast South Island,1279617.339320387924090,13111801767.683631896972656,"520","50.03",Harihari,Whataroa,215744.296874542662408,-930717759.361467719078064,Okarito River,"93",Okarito Lagoon,WCRC,7. Tidal lagoon,7B. Intermittently closed,5210843.298999999649823,1369400.442000000271946,166.000000000000000,62181.000000000000000,21655253.000000000000000,14.000000000000000,1.000000000000000,18664663.000000000000000,2.400000000000000,0.000000000000000,278.000000000000000,1666953.000000000000000,"1",60.070531944120845,1369440.045099999988452,5210888.466199999675155,1369400.442077636718750,5210843.299072264693677
"385245",1220054.360473606968299,289705152.000000000000000,"12116161",0.000000000000000,"0","396206","5",2106.098288300000149,16.804742813099999,0.942662060261000,1362522.421199999749660,1360527.055500000016764,5202848.094200000166893,5202172.673000000417233,1.174674891680000,"12042676","40275",0.431515199462000,"0","0","393211","393212",2473.980778680000185,2473.980778678586375,"1","12",West Coast Region,36339.59156420001,23243.81176000000,"418",West Coast South Island,"1311180",{5478D1F7-9DE7-4D55-8CA7-24D2229D99EC},West Coast South Island,1279617.339320387924090,13111801767.683631896972656,"531","50.05",Waiho,Whataroa,119839.740150839948910,-510192609.500489771366119,Waiho River,"94",Waiho River,WCRC,5. Freshwater river mouth,5C. Barrier beach enclosed,5202974.533999999985099,1360883.925999999977648,27.000000000000000,-9999.000000000000000,-9999.000000000000000,-9999.000000000000000,-9999.000000000000000,-9999.000000000000000,-9999.000000000000000,-9999.000000000000000,290.000000000000000,410659.000000000058208,"1",378.607538863977368,1360527.055500000016764,5202848.094200000166893,1360883.926086425781250,5202974.534118652343750
"392304",705200.702497075777501,324351296.000000059604645,"12123752",0.000000000000000,"0","400613","5",1018.454711810000049,12.193470954900000,1.108514666560000,1340884.242000000085682,1339878.866799999959767,5185595.556900000199676,5185760.508600000292063,1.377538977190000,"12044695","43459",0.623588219838000,"0","0","400313","400314",1402.961062020000099,1402.961062018855500,"1","12",West Coast Region,36339.59156420001,23243.81176000000,"418",West Coast South Island,"1311180",{5478D1F7-9DE7-4D55-8CA7-24D2229D99EC},West Coast South Island,1279617.339320387924090,13111801767.683631896972656,"538","50.07",Karangarua,Whataroa,110198.543945011086180,-311058568.908679604530334,Cook River/Weheka,"95",Cook River,WCRC,5. Freshwater river mouth,5C. Barrier beach enclosed,5186252.419999999925494,1340245.448999999789521,27.000000000000000,-9999.000000000000000,-9999.000000000000000,-9999.000000000000000,-9999.000000000000000,-9999.000000000000000,-9999.000000000000000,-9999.000000000000000,324.000000000000000,458128.000000000000000,"1",752.231247885871085,1339878.866799999959767,5185595.556900000199676,1340245.449096679687500,5186252.420104980468750
"399789",646776.786430343752727,170813008.000000029802322,"12130973",0.000000000000000,"0","409268","5",612.249948958999880,9.675868034360001,1.857749462130000,1328758.125900000100955,1328232.910499999998137,5170500.469700000248849,5170185.298100000247359,1.243378525240000,"12046384","33845",0.731598285857000,"0","0","407870","407871",761.258438611999964,761.258438612274745,"1","12",West Coast Region,36339.59156420001,23243.81176000000,"418",West Coast South Island,"1311180",{5478D1F7-9DE7-4D55-8CA7-24D2229D99EC},West Coast South Island,1279617.339320387924090,13111801767.683631896972656,"538","50.07",Karangarua,Whataroa,110198.543945011086180,-311058568.908679604530334,Makawhio (Jacobs River),"96",Makawhio River (Jacobs River),WCRC,6. Tidal river mouth,6B. Spit enclosed,5170736.059999999590218,1328364.985000000335276,26.000000000000000,10793.000000000000000,620927.000000000000000,18.000000000000000,3.000000000000000,1791819.000000000000000,2.300000000000000,1285453.000000000000000,166.000000000000000,1645218.000000000000000,"1",270.086185774929561,1328232.910499999998137,5170500.469700000248849,1328364.985107421875000,5170736.060119627974927
"414350",1128449.115029105218127,131002352.000000000000000,"12145200",0.000000000000000,"0","419758","5",1528.912031479999996,4.477252483370000,1.261809825900000,1287603.255700000096112,1286507.444300000090152,5143456.083599999547005,5144521.851700000464916,1.036599486080000,"12049825","22539",0.120498160786000,"0","0","422185","422738",1584.869426089999934,1584.869426086004296,"1","12",West Coast Region,36339.59156420001,23243.81176000000,"418",West Coast South Island,"1311180",{5478D1F7-9DE7-4D55-8CA7-24D2229D99EC},West Coast South Island,1279617.339320387924090,13111801767.683631896972656,"551","51.04",Haast,Aspiring,132677.403446427371819,-330853094.063196957111359,Waita River,"97",Waita River,WCRC,6. Tidal river mouth,6D. Intermittent with ribbon lagoon,5143029.393000000156462,1286124.578999999910593,55.000000000000000,9549.000000000000000,230973.000000000000000,21.000000000000000,3.000000000000000,627421.000000000000000,2.200000000000000,445784.000000000000000,138.000000000000000,940544.000000000000000,"1",573.280489417305034,1286507.444300000090152,5143456.083599999547005,1286124.579101562267169,5143029.393127440474927
"427092",1338574.818484240444377,197400832.000000000000000,"13157406",0.000000000000000,"0","425616","5",1971.002283100000113,21.369138717700000,1.181444048880000,1495372.900200000032783,1495748.353600000031292,5116491.423300000838935,5118425.866600000299513,1.230926613070000,"13062020","57087",0.586823100896000,"0","0","434551","435621",2426.159164689999670,2426.159164687726388,"1","13",Canterbury Region,56773.86937420000,44507.60389690000,"413",East Coast South Island,"1108122",{0F961E84-FFF0-4F16-9BBC-422F3620ED46},East Coast South Island,1345807.113818614045158,11081218286.227926254272461,"526","56.02",Low Plains,Canterbury Plains,490931.608240127097815,-6170979530.094689369201660,Longbeach Stream,"98",no-match,ECAN,4. Beach stream,3B. Medium,5121583.540000000037253,1504508.195000000298023,1.000000000000000,2015.000000000000000,42258.000000000000000,0.000000000000000,2.000000000000000,63387.000000000000000,0.000000000000000,0.000000000000000,1655.000000000000000,3103659.000000000000000,"1",10132.348055901593398,1495748.353600000031292,5116491.423300000838935,1504508.195129394531250,5121583.540100098587573
"427990",516023.254982259415556,437511936.000000000000000,"12159169",0.000000000000000,"0","447302","5",805.682940120000012,12.355464935300001,1.499793529510000,1229378.400399999925867,1228672.548600000096485,5114853.102499999105930,5114462.665300000458956,1.076815987510000,"12054310","64149",0.771949747737000,"0","0","436501","436502",867.572270788999958,867.572270788581477,"1","12",West Coast Region,36339.59156420001,23243.81176000000,"418",West Coast South Island,"1311180",{5478D1F7-9DE7-4D55-8CA7-24D2229D99EC},West Coast South Island,1279617.339320387924090,13111801767.683631896972656,"557","71.01",Cascade,Olivine,159740.621615952317370,-902984590.684255957603455,Cascade River,"99",Cascade/ Martyr River,WCRC,6. Tidal river mouth,6B. Spit enclosed,5114615.888000000268221,1228588.124000000068918,756.000000000000000,15450.000000000000000,954809.000000000000000,1.000000000000000,3.000000000000000,2873150.000000000000000,2.000000000000000,1931803.000000000000000,437.000000000000000,4809630.000000000000000,"1",251.789911804529538,1228672.548600000096485,5114853.102499999105930,1228588.124084472656250,5114615.888122558593750
"437813",304108.468068638176192,145176416.000000000000000,"12168824",0.000000000000000,"0","442192","5",554.758506019000038,19.780345916700000,2.482862710950000,1216283.599399999948218,1215983.134499999927357,5096574.001600000075996,5096108.424800000153482,1.158774191520000,"12056923","25242",1.785916104530000,"0","0","446371","446372",642.839839301999973,642.839839302275436,"1","12",West Coast Region,36339.59156420001,23243.81176000000,"418",West Coast South Island,"1311180",{5478D1F7-9DE7-4D55-8CA7-24D2229D99EC},West Coast South Island,1279617.339320387924090,13111801767.683631896972656,"563","71.02",Pyke,Olivine,142538.025446686311625,-589704602.721278786659241,Gorge River,"100",Gorge River,WCRC,5. Freshwater river mouth,5A. Unrestricted,5096531.717000000178814,1215929.942000000039116,30.000000000000000,-9999.000000000000000,-9999.000000000000000,-9999.000000000000000,-9999.000000000000000,-9999.000000000000000,-9999.000000000000000,-9999.000000000000000,144.000000000000000,204484.000000000000000,"1",67.951545704935128,1215983.134499999927357,5096574.001600000075996,1215929.942077636718750,5096531.717102050781250
"443403",411207.629732287372462,181695376.000000000000000,"13174753",0.000000000000000,"0","443468","5",300.426363690000017,0.500000000000000,1.130431771280000,1460620.411599999992177,1460635.539400000125170,5085689.369900000281632,5085989.329199999570847,1.213822092560000,"13065837","23387",0.120232589502000,"12690","2","451967","451968",364.664157433000014,364.664157433065157,"1","13",Canterbury Region,56773.86937420000,44507.60389690000,"413",East Coast South Island,"1108122",{0F961E84-FFF0-4F16-9BBC-422F3620ED46},East Coast South Island,1345807.113818614045158,11081218286.227926254272461,"566","62.01",Makikihi,Wainono,142659.949625445384299,-497262148.959255456924438,Washdyke Creek,"101",Washdyke Lagoon,ECAN,2. Waituna-type lagoon,2A. Coastal plain depression,5086296.168999999761581,1460995.651000000070781,5.000000000000000,3157.000000000000000,230546.000000000000000,0.000000000000000,1.000000000000000,115273.000000000000000,0.000000000000000,0.000000000000000,97.000000000000000,78617.000000000000000,"1",705.610201658110554,1460635.539400000125170,5085689.369900000281632,1460995.651123046875000,5086296.169128417968750
"459990",1329029.731761879287660,99106200.000000000000000,"13191016",0.000000000000000,"0","459800","5",1753.974344169999767,10.322423934900000,1.507873892780000,1452326.047500000102445,1454020.616600000066683,5057039.191800000146031,5056588.265800000168383,1.086706181340000,"13067790","24622",0.287936050157000,"0","0","468280","468648",1906.054761710000093,1906.054761712433674,"1","13",Canterbury Region,56773.86937420000,44507.60389690000,"412",Southern South Island,"2096441",{6EAC30B6-3803-4153-A00C-23192C1D31BD},Southern South Island,2604408.466082237660885,20964413635.013725280761719,"566","62.01",Makikihi,Wainono,142659.949625445384299,-497262148.959255456924438,Makikihi River,"102",Wainono Lagoon,ECAN,2. Waituna-type lagoon,2A. Coastal plain depression,5047448.472000000067055,1454831.733999999938533,1.000000000000000,13450.000000000000000,3984960.000000000000000,0.000000000000000,1.000000000000000,3792088.000000000465661,0.000000000000000,0.000000000000000,168.000000000000000,146213.000000000000000,"1",9624.957967692216698,1454020.616600000066683,5057039.191800000146031,1454831.734130859375000,5047448.472106933593750
"468361",1417149.678162813652307,93375111.999999985098839,"13198431",0.000000000000000,"0","470006","5",2062.337751189999835,3.014656305310000,1.398521304130000,1454763.177700000116602,1455229.403200000058860,5042341.626100000925362,5044351.079199999570847,1.072142916400000,"13068676","29067",0.044899400591600,"0","0","475675","477081",2211.120811159999903,2211.120811159853019,"1","13",Canterbury Region,56773.86937420000,44507.60389690000,"412",Southern South Island,"2096441",{6EAC30B6-3803-4153-A00C-23192C1D31BD},Southern South Island,2604408.466082237660885,20964413635.013725280761719,"582","62.02",Glenavy,Wainono,107014.960709078033688,-513856271.288367986679077,Waimate Creek,"103",Waihao River,ECAN,4. Beach stream,4D. Stream with ribbon lagoon,5040753.697999999858439,1455348.060000000055879,22.000000000000000,14228.000000000000000,358476.000000000000000,0.000000000000000,1.000000000000000,-9999.000000000000000,0.000000000000000,0.000000000000000,659.000000000000000,671639.000000000000000,"1",1592.355090384508230,1455229.403200000058860,5042341.626100000925362,1455348.060119628673419,5040753.698120117187500
"469283",5398.605881570384554,555115712.000000000000000,"13200605",0.000000000000000,"0","472502","5",15.000000000000000,1.538857340810000,1.399903059010000,1455335.438400000100955,1455350.436399999773130,5040721.910999999381602,5040721.901200000196695,0.999866880095000,"13068947","98560",0.530751267549000,"0","0","478019","478020",14.998003201400000,14.998003201432143,"1","13",Canterbury Region,56773.86937420000,44507.60389690000,"412",Southern South Island,"2096441",{6EAC30B6-3803-4153-A00C-23192C1D31BD},Southern South Island,2604408.466082237660885,20964413635.013725280761719,"582","62.02",Glenavy,Wainono,107014.960709078033688,-513856271.288367986679077,Waihao River,"104",Waihao River,ECAN,4. Beach stream,4D. Stream with ribbon lagoon,5040753.697999999858439,1455348.060000000055879,22.000000000000000,14228.000000000000000,358476.000000000000000,0.000000000000000,1.000000000000000,-9999.000000000000000,0.000000000000000,0.000000000000000,659.000000000000000,671639.000000000000000,"1",31.875817068504890,1455350.436399999773130,5040721.910999999381602,1455348.060119628673419,5040753.698120117187500
"469405",1098795.720155485905707,140367408.000000000000000,"15200625",0.000000000000000,"0","474470","5",1249.313811660000056,18.385459899899999,1.348278999330000,1198787.311599999666214,1197540.368599999928847,5040295.161100000143051,5040370.977800000458956,1.122666475250000,"15003654","17374",0.781307621569000,"0","0","478096","478143",1402.562733420000086,1402.562733420489621,"1","15",Southland Region,55238.06039180000,31194.94615960000,"419",Fiordland,"1024660",{54DD06BD-32EF-4F82-AB23-AF3C5EA17F41},Fiordland,2340525.543295336421579,10246596908.780487060546875,"570","72.01",Darran,Fiord,245586.815830012987135,-1808933148.266334772109985,Cleddau River,"105",Milford Sound,ES,10. Fjord,,5052542.461000000126660,1187219.933999999891967,3935.000000000000000,60363.000000000000000,28402480.000000000000000,1.000000000000000,126.000000000000000,3579420379.000000000000000,1.900000000000000,54781767.000000000000000,539.000000000000000,6081658.000000000000000,"1",16015.858591858215732,1197540.368599999928847,5040295.161100000143051,1187219.934082031250000,5052542.461120605468750
"469947",45145.358495229542314,247717440.000000000000000,"15201246",0.000000000000000,"0","479293","5",148.492424048999993,7.495066165920000,0.729819595814000,1195993.382699999958277,1196098.493000000016764,5039513.099600000306964,5039407.871000000275671,1.001613967940000,"15003768","27310",2.608566461570000,"0","0","478693","478694",148.732086060999990,148.732086060876355,"1","15",Southland Region,55238.06039180000,31194.94615960000,"419",Fiordland,"1024660",{54DD06BD-32EF-4F82-AB23-AF3C5EA17F41},Fiordland,2340525.543295336421579,10246596908.780487060546875,"570","72.01",Darran,Fiord,245586.815830012987135,-1808933148.266334772109985,Arthur River,"106",Milford Sound,ES,10. Fjord,,5052542.461000000126660,1187219.933999999891967,3935.000000000000000,60363.000000000000000,28402480.000000000000000,1.000000000000000,126.000000000000000,3579420379.000000000000000,1.900000000000000,54781767.000000000000000,539.000000000000000,6081658.000000000000000,"1",15766.834498226622600,1196098.493000000016764,5039513.099600000306964,1187219.934082031250000,5052542.461120605468750
"487313",668535.257156777195632,70574744.000000000000000,"14218256",0.000000000000000,"0","486297","5",1472.182393589999947,28.211816787699998,7.491846084590000,1447376.334500000113621,1448112.274699999950826,5012085.258600000292063,5013359.506599999964237,1.208964771300000,"14025080","29502",0.806346363463000,"0","0","495756","496264",1779.816650779999918,1779.816650778744133,"1","14",Otago Region,38514.28971780000,31208.62756660000,"412",Southern South Island,"2096441",{6EAC30B6-3803-4153-A00C-23192C1D31BD},Southern South Island,2604408.466082237660885,20964413635.013725280761719,"582","62.02",Glenavy,Wainono,107014.960709078033688,-513856271.288367986679077,Landon Creek,"107",no-match,ECAN,4. Beach stream,3A. Large,5021965.768000000156462,1453712.652000000001863,127.000000000000000,9584.000000000000000,585709.000000000000000,0.000000000000000,2.000000000000000,1171417.000000000000000,0.000000000000000,0.000000000000000,11947.000000000000000,24903965.000000000000000,"1",11357.319029591035360,1448112.274699999950826,5012085.258600000292063,1453712.652099609375000,5021965.768127441406250
"497457",122006.269544889204553,175595632.000000000000000,"15228726",0.000000000000000,"0","504317","5",243.261176516000006,4.704428672790000,0.000348607776687,1151873.548900000052527,1151647.999700000043958,4996005.812699999660254,4995915.827600000426173,1.080423689210000,"15010238","25646",1.107823478320000,"0","0","506518","506519",262.825137772999994,262.825137772854760,"1","15",Southland Region,55238.06039180000,31194.94615960000,"419",Fiordland,"1024660",{54DD06BD-32EF-4F82-AB23-AF3C5EA17F41},Fiordland,2340525.543295336421579,10246596908.780487060546875,"580","72.02",Doubtful,Fiord,867529.657434341846965,-4660789387.942948341369629,Stillwater River,"108",Two Thumb Bay,ES,10. Fjord,,5005650.935999999754131,1141160.810000000055879,1321.000000000000000,18361.000000000000000,1219055.000000000000000,2.000000000000000,7.000000000000000,8435863.000000000000000,1.900000000000000,2280973.000000000000000,34.000000000000000,310146.000000000000000,"1",14248.142005974335916,1151647.999700000043958,4996005.812699999660254,1141160.810119628906250,5005650.936096191406250
"503406",652413.913830681238323,262363232.000000000000000,"14234702",0.000000000000000,"0","509284","5",1135.088542799999914,20.010936737100000,2.394861936570000,1431051.748200000030920,1432176.524900000076741,4986738.489699999801815,4986587.395700000226498,1.045779681350000,"14037624","51636",0.889134228560000,"0","0","512521","512522",1187.052534599999944,1187.052534595083671,"1","14",Otago Region,38514.28971780000,31208.62756660000,"412",Southern South Island,"2096441",{6EAC30B6-3803-4153-A00C-23192C1D31BD},Southern South Island,2604408.466082237660885,20964413635.013725280761719,"589","62.03",Oamaru,Wainono,108210.083679141942412,-448219007.883469581604004,Waianakarua River,"109",no-match,ORC,5. Freshwater river mouth,4C. Stream with pond,4991467.798000000417233,1433915.597999999998137,2.000000000000000,3519.000000000000000,84795.000000000000000,0.000000000000000,1.000000000000000,-9999.000000000000000,0.000000000000000,0.000000000000000,18.000000000000000,15147.000000000000000,"1",5038.921852859490173,1432176.524900000076741,4986738.489699999801815,1433915.598083496093750,4991467.798095703125000
"512090",383275.960177416389342,51681252.000000000000000,"15243382",0.000000000000000,"0","513194","5",343.739727119000008,16.529502868700000,4.258888244630000,1142756.932400000048801,1142456.458399999886751,4972952.385800000280142,4973118.081699999980628,1.150787121950000,"15015567","13346",2.044442986470000,"0","0","521244","521323",395.571251270000005,395.571251270328219,"1","15",Southland Region,55238.06039180000,31194.94615960000,"419",Fiordland,"1024660",{54DD06BD-32EF-4F82-AB23-AF3C5EA17F41},Fiordland,2340525.543295336421579,10246596908.780487060546875,"580","72.02",Doubtful,Fiord,867529.657434341846965,-4660789387.942948341369629,Misty River,"110",Thompson/Doubtful Sound,ES,10. Fjord,,4983165.876000000163913,1125255.489000000059605,1284.000000000000000,325788.999999999941792,137338632.000000000000000,1.000000000000000,138.000000000000000,18978270538.000000000000000,1.900000000000000,254867548.000000000000000,963.000000000000000,10777107.000000000000000,"1",20004.717688833468856,1142456.458399999886751,4972952.385800000280142,1125255.489074707031250,4983165.876098633743823
"516856",161802.026127643679501,127109616.000000000000000,"15248124",0.000000000000000,"0","520600","5",277.185858225000004,9.737240791320000,2.716913938520000,1144809.593000000109896,1144614.399800000013784,4965769.181099999696016,4965964.836900000460446,0.997064473884000,"15017905","20844",1.450828957980000,"0","0","525725","526199",276.372171899000023,276.372171899412535,"1","15",Southland Region,55238.06039180000,31194.94615960000,"419",Fiordland,"1024660",{54DD06BD-32EF-4F82-AB23-AF3C5EA17F41},Fiordland,2340525.543295336421579,10246596908.780487060546875,"580","72.02",Doubtful,Fiord,867529.657434341846965,-4660789387.942948341369629,Camelot River,"111",Thompson/Doubtful Sound,ES,10. Fjord,,4983165.876000000163913,1125255.489000000059605,1284.000000000000000,325788.999999999941792,137338632.000000000000000,1.000000000000000,138.000000000000000,18978270538.000000000000000,1.900000000000000,254867548.000000000000000,963.000000000000000,10777107.000000000000000,"1",26027.147775838406233,1144614.399800000013784,4965769.181099999696016,1125255.489074707031250,4983165.876098633743823
"520170",59388.767722683114698,542362880.000000000000000,"14251435",0.000000000000000,"0","521118","5",117.153745138999994,8.799429893490000,0.000000000000000,1429428.516000000061467,1429518.593000000109896,4961402.734100000001490,4961477.624400000087917,1.108292670950000,"14047657","86462",4.295427978160000,"0","0","529536","529577",129.840637111000007,129.840637110927304,"1","14",Otago Region,38514.28971780000,31208.62756660000,"412",Southern South Island,"2096441",{6EAC30B6-3803-4153-A00C-23192C1D31BD},Southern South Island,2604408.466082237660885,20964413635.013725280761719,"595","65.03",Waianakarua,Kakanui,117548.794963745953282,-506767504.939451515674591,Shag River/Waihemo,"112",Shag River,ORC,7. Tidal lagoon,7A. Permanently open,4961495.685999999754131,1429511.227000000188127,35.000000000000000,14886.000000000000000,726204.000000000000000,63.000000000000000,2.000000000000000,1332877.000000000000000,1.600000000000000,796648.000000000000000,541.000000000000000,592345.000000000000000,"1",93.243390675702841,1429518.593000000109896,4961402.734100000001490,1429511.227111816406250,4961495.686096191406250
"527147",513832.150950844341423,128480128.000000000000000,"14257920",0.000000000000000,"0","528079","5",816.906359382999881,18.255098342899998,0.000000000000000,1422540.118400000035763,1422646.095900000073016,4951270.444099999964237,4952080.261900000274181,1.085893169360000,"14050475","26629",1.280154572760000,"0","0","536082","536718",887.073035664000031,887.073035664303234,"1","14",Otago Region,38514.28971780000,31208.62756660000,"412",Southern South Island,"2096441",{6EAC30B6-3803-4153-A00C-23192C1D31BD},Southern South Island,2604408.466082237660885,20964413635.013725280761719,"600","69.01",Waikouaiti,Otago Coast,161067.669663642474916,-687872685.737561821937561,Pleasant River,"113",Pleasant River,ORC,7. Tidal lagoon,7A. Permanently open,4951248.724000000394881,1422624.175999999977648,38.000000000000000,14584.000000000000000,973105.000000000000000,76.000000000000000,1.000000000000000,1443302.000000000000000,1.600000000000000,971541.000000000000000,126.000000000000000,110721.000000000000000,"1",30.858316720425581,1422646.095900000073016,4951270.444099999964237,1422624.176086425781250,4951248.724121093750000
"532574",205180.264910611556843,426434528.000000000000000,"14263750",0.000000000000000,"0","541164","5",487.197085377000008,0.000000000000000,0.000000000000000,1417451.021200000075623,1417796.445499999914318,4943209.854600000195205,4943554.396300001069903,1.037470831770000,"14053299","73190",0.000000000000000,"0","0","541967","542174",505.452765402000011,505.452765401827435,"1","14",Otago Region,38514.28971780000,31208.62756660000,"412",Southern South Island,"2096441",{6EAC30B6-3803-4153-A00C-23192C1D31BD},Southern South Island,2604408.466082237660885,20964413635.013725280761719,"600","69.01",Waikouaiti,Otago Coast,161067.669663642474916,-687872685.737561821937561,Waikouaiti River,"114",Waikouaiti River,ORC,7. Tidal lagoon,7A. Permanently open,4943194.061999999918044,1417818.297000000020489,35.000000000000000,19776.000000000000000,1272547.000000000000000,68.000000000000000,2.000000000000000,2180631.000000000000000,1.600000000000000,1359584.000000000000000,421.000000000000000,457551.000000000058208,"1",26.961030690525394,1417796.445499999914318,4943209.854600000195205,1417818.297119140625000,4943194.062072753906250
"547083",226956.162838324846234,248724128.000000029802322,"15278327",0.000000000000000,"0","549726","5",328.975682991999975,14.761771202100000,2.852930784230000,1130228.026099999900907,1129987.830599999986589,4921789.539900000207126,4922015.454099999740720,1.041972283890000,"15035447","32322",2.073188879410000,"0","0","556816","556957",342.783543751000025,342.783543750778222,"1","15",Southland Region,55238.06039180000,31194.94615960000,"419",Fiordland,"1024660",{54DD06BD-32EF-4F82-AB23-AF3C5EA17F41},Fiordland,2340525.543295336421579,10246596908.780487060546875,"607","72.04",Preservation,Fiord,473602.476500572694931,-2990241663.284802913665771,Seaforth River,"115",Breaksea/Dusky Sound,ES,10. Fjord,,4928152.532999999821186,1100972.367000000085682,6450.000000000000000,628232.000000000000000,283599044.000000000000000,1.000000000000000,107.000000000000000,30389041528.999996185302734,1.800000000000000,515651976.000000000000000,1120.000000000000000,12289926.000000000000000,"1",29704.962595603414229,1129987.830599999986589,4921789.539900000207126,1100972.367126464843750,4928152.533081054687500
"567499",634637.854624718893319,69646368.000000000000000,"14298452",0.000000000000000,"0","568972","5",1046.768837900000108,20.206628799400001,3.490793704990000,1381889.738399999914691,1382715.942599999951199,4889635.807900000363588,4890279.449599999934435,1.043483752730000,"14067182","17255",0.914877966342000,"0","0","577412","577865",1092.286275209999985,1092.286275214385114,"1","14",Otago Region,38514.28971780000,31208.62756660000,"412",Southern South Island,"2096441",{6EAC30B6-3803-4153-A00C-23192C1D31BD},Southern South Island,2604408.466082237660885,20964413635.013725280761719,"614","69.03",Tokomairiro,Otago Coast,211960.598788907664130,-1625749305.864377737045288,Akatore Creek,"116",Akatore Creek,ORC,7. Tidal lagoon,7A. Permanently open,4889481.906999999657273,1382889.597999999765307,332.000000000000000,7573.000000000000000,328983.000000000058208,34.000000000000000,3.000000000000000,895893.000000000000000,1.700000000000000,462359.000000000058208,68.000000000000000,77752.000000000000000,"1",232.038104212063558,1382715.942599999951199,4889635.807900000363588,1382889.598083496093750,4889481.907104492187500
"575914",403803.841371667222120,145191632.000000000000000,"15306929",0.000000000000000,"0","574881","5",625.053597702000047,17.835456848100002,3.526525020600000,1176612.680600000079721,1176719.148899999912828,4873925.233700000680983,4874541.164099999703467,1.231307607970000,"15053646","23331",1.311405180580000,"0","0","585781","586399",769.633250242000031,769.633250241633164,"1","15",Southland Region,55238.06039180000,31194.94615960000,"412",Southern South Island,"2096441",{6EAC30B6-3803-4153-A00C-23192C1D31BD},Southern South Island,2604408.466082237660885,20964413635.013725280761719,"619","77.01",Waitutu,Te Wae Wae,135588.598326159524731,-591132655.586796522140503,Rowallan Burn,"117",no-match,ES,6. Tidal river mouth,3B. Medium,4871024.440000000409782,1182709.575999999884516,233.000000000000000,17538.000000000000000,758127.000000000000000,0.000000000000000,1.000000000000000,758127.000000000000000,0.000000000000000,0.000000000000000,8258.000000000000000,36764655.000000000000000,"1",6655.811110298241147,1176719.148899999912828,4873925.233700000680983,1182709.576110839843750,4871024.440124511718750
"580386",223321.475146976765245,152690015.999999970197678,"15311533",0.000000000000000,"0","579635","5",289.518565899000009,5.000000000000000,5.000000000000000,1131870.607199999969453,1131916.334599999943748,4864390.361899998970330,4864675.916100000962615,1.051179122400000,"15056312","30097",0.000000000000000,"28624","2","590880","591002",304.335872020000011,304.335872020258364,"1","15",Southland Region,55238.06039180000,31194.94615960000,"419",Fiordland,"1024660",{54DD06BD-32EF-4F82-AB23-AF3C5EA17F41},Fiordland,2340525.543295336421579,10246596908.780487060546875,"619","77.01",Waitutu,Te Wae Wae,135588.598326159524731,-591132655.586796522140503,Big River (Southland),"118",Big River (Lake Hakapoua),ES,9. Deep drowned valley,,4863702.860999999567866,1131489.041999999899417,442.000000000000000,26014.000000000000000,5491384.000000000000000,0.000000000000000,7.000000000000000,38038249.000000000000000,2.000000000000000,10688413.000000000000000,147.000000000000000,910390.000000000116415,"1",809.466639456144549,1131916.334599999943748,4864390.361899998970330,1131489.042114257812500,4863702.861083984375000
"581247",61467.808730241420562,471294304.000000000000000,"15312485",0.000000000000000,"0","580796","5",136.937942149000008,9.944632530210001,3.188162088390000,1142610.174300000071526,1142625.504900000058115,4862008.484500000253320,4862143.746199999935925,1.124418828790000,"15057496","56030",2.824664209900000,"0","0","591837","591874",153.975600528999991,153.975600528690990,"1","15",Southland Region,55238.06039180000,31194.94615960000,"419",Fiordland,"1024660",{54DD06BD-32EF-4F82-AB23-AF3C5EA17F41},Fiordland,2340525.543295336421579,10246596908.780487060546875,"619","77.01",Waitutu,Te Wae Wae,135588.598326159524731,-591132655.586796522140503,Waitutu River,"119",no-match,ES,5. Freshwater river mouth,,4863702.860999999567866,1131489.041999999899417,442.000000000000000,26014.000000000000000,5491384.000000000000000,0.000000000000000,7.000000000000000,38038249.000000000000000,2.000000000000000,10688413.000000000000000,147.000000000000000,910390.000000000116415,"1",11264.622292228694278,1142625.504900000058115,4862008.484500000253320,1131489.042114257812500,4863702.861083984375000
"583704",67687.398199826420750,230098432.000000029802322,"15314918",0.000000000000000,"0","583424","5",162.249807395999994,0.633950412273000,1.308775424960000,1227378.027199999662116,1227288.202400000067428,4854381.729099999181926,4854517.115799999795854,1.063286840100000,"15059174","43703",0.238301768336000,"0","0","594317","594353",172.518085012999990,172.518085012835911,"1","15",Southland Region,55238.06039180000,31194.94615960000,"412",Southern South Island,"2096441",{6EAC30B6-3803-4153-A00C-23192C1D31BD},Southern South Island,2604408.466082237660885,20964413635.013725280761719,"620","78.01",Southland Plains,Makarewa,250696.259822966414504,-2671124280.184489250183105,Waimatuku Stream,"120",no-match,ES,4. Beach stream,7A. Permanently open,4854024.697999999858439,1217099.922999999951571,202.000000000000000,31928.000000000000000,6697056.000000000000000,66.000000000000000,2.000000000000000,14697352.000000000000000,2.300000000000000,10151391.000000000000000,1570.000000000000000,2436035.000000000000000,"1",10194.533157676269184,1227288.202400000067428,4854381.729099999181926,1217099.923095702892169,4854024.698120117187500
"585364",97442.913810768281110,225733072.000000000000000,"15316514",0.000000000000000,"0","585199","5",15.033296378399999,1.654603600500000,1.609667658810000,1241659.483999999938533,1241659.517900000093505,4848856.559899999760091,4848871.578700000420213,0.999038260249000,"15060218","40718",0.171262043617000,"0","0","596077","596078",15.018838259700001,15.018838259660397,"1","15",Southland Region,55238.06039180000,31194.94615960000,"412",Southern South Island,"2096441",{6EAC30B6-3803-4153-A00C-23192C1D31BD},Southern South Island,2604408.466082237660885,20964413635.013725280761719,"620","78.01",Southland Plains,Makarewa,250696.259822966414504,-2671124280.184489250183105,Waihopai River,"121",New River (Oreti) Estuary,ES,8. Shallow drowned valley,,4838936.989000000059605,1237255.524999999674037,1141.000000000000000,137604.000000000000000,39823925.000000000000000,42.000000000000000,2.000000000000000,60268976.999999992549419,2.200000000000000,69607863.000000000000000,3948.000000000000000,6536643.000000000000000,"1",10853.250115454558909,1241659.517900000093505,4848856.559899999760091,1237255.525085449218750,4838936.989074707031250
"587631",489898.591665105603170,62734920.000000000000000,"15318607",0.000000000000000,"0","588584","5",930.373043462000055,6.916639328000000,0.734191119671000,1243813.943600000115111,1243526.523300000000745,4840270.190900000743568,4839384.775999999605119,1.106183282560000,"15061463","17694",0.380732336034000,"0","0","598372","598373",1029.163107220000029,1029.163107218296773,"1","15",Southland Region,55238.06039180000,31194.94615960000,"412",Southern South Island,"2096441",{6EAC30B6-3803-4153-A00C-23192C1D31BD},Southern South Island,2604408.466082237660885,20964413635.013725280761719,"627","78.02",Waituna,Makarewa,217672.220896388316760,-494706612.866169571876526,Waipaka Creek,"122",New River (Oreti) Estuary,ES,8. Shallow drowned valley,,4838936.989000000059605,1237255.524999999674037,1141.000000000000000,137604.000000000000000,39823925.000000000000000,42.000000000000000,2.000000000000000,60268976.999999992549419,2.200000000000000,69607863.000000000000000,3948.000000000000000,6536643.000000000000000,"1",6411.150108511388680,1243526.523300000000745,4840270.190900000743568,1237255.525085449218750,4838936.989074707031250
"587947",113501.540284108938067,311467936.000000000000000,"14319137",0.000000000000000,"0","587772","5",138.293166858999996,8.521732330320004,1.860208034520000,1329989.940500000258908,1330080.217500000027940,4837556.879399999976158,4837661.723199999891222,1.156416865440000,"14073835","42814",2.757783190520000,"0","0","598669","598675",159.924550530999994,159.924550530781033,"1","14",Otago Region,38514.28971780000,31208.62756660000,"412",Southern South Island,"2096441",{6EAC30B6-3803-4153-A00C-23192C1D31BD},Southern South Island,2604408.466082237660885,20964413635.013725280761719,"626","70.02",Tahakopa,Catlins,339343.641630580066703,-2402033022.568976402282715,Tahakopa River,"123",Tahakopa River,ORC,7. Tidal lagoon,7A. Permanently open,4837522.084999999962747,1330014.101000000024214,165.000000000000000,16338.000000000000000,860340.000000000000000,31.000000000000000,2.000000000000000,1939721.000000000000000,1.900000000000000,1345484.000000000232831,310.000000000000000,621423.000000000000000,"1",74.712959070313943,1330080.217500000027940,4837556.879399999976158,1330014.101074218750000,4837522.085083007812500
"589046",12626.426381292880251,213155664.000000000000000,"15320150",0.000000000000000,"0","588865","5",15.000000000000000,0.555746316910000,0.692283272743000,1262243.862200000090525,1262243.898199999937788,4831364.288900000043213,4831379.304600000381470,1.001049543670000,"15062561","35816",0.521518537807000,"0","0","599848","599849",15.015743155099999,15.015743155106035,"1","15",Southland Region,55238.06039180000,31194.94615960000,"412",Southern South Island,"2096441",{6EAC30B6-3803-4153-A00C-23192C1D31BD},Southern South Island,2604408.466082237660885,20964413635.013725280761719,"627","78.02",Waituna,Makarewa,217672.220896388316760,-494706612.866169571876526,Waituna Lagoon,"124",Waituna Lagoon,ES,2. Waituna-type lagoon,2A. Coastal plain depression,4833144.305999999865890,1267180.817000000039116,12.000000000000000,42639.000000000000000,13590093.000000000000000,0.000000000000000,1.000000000000000,12588503.000000000000000,0.000000000000000,0.000000000000000,187.000000000000000,299242.000000000000000,"1",5248.011928885108318,1262243.898199999937788,4831364.288900000043213,1267180.817077636718750,4833144.306091308593750
"589061",19826.707310712776234,207622064.000000000000000,"15320161",0.000000000000000,"0","588924","5",21.213203435600001,1.463243722920000,1.447952032090000,1303649.549200000008568,1303664.594599999953061,4831372.594999999739230,4831387.569799999706447,1.000676100560000,"15062587","31453",0.041302083881800,"0","0","599860","599861",21.227545694300002,21.227545694317890,"1","15",Southland Region,55238.06039180000,31194.94615960000,"412",Southern South Island,"2096441",{6EAC30B6-3803-4153-A00C-23192C1D31BD},Southern South Island,2604408.466082237660885,20964413635.013725280761719,"626","70.02",Tahakopa,Catlins,339343.641630580066703,-2402033022.568976402282715,Waikawa River,"125",Waikawa Harbour,ES,7. Tidal lagoon,7A. Permanently open,4827202.013000000268221,1304471.450999999884516,291.000000000000000,24866.000000000000000,6422282.000000000000000,82.000000000000000,2.000000000000000,9835149.000000000000000,2.000000000000000,7574506.000000000000000,241.000000000000000,425764.999999999941792,"1",4247.913679151829456,1303664.594599999953061,4831372.594999999739230,1304471.451110839843750,4827202.013122558593750
"591270",120954.454876049552695,101268680.000000000000000,"15001747",0.000000000000000,"0","591634","5",195.274166237999992,17.411104202299999,0.000000000000000,1212373.518799999961630,1212538.458399999886751,4784975.090499999932945,4784869.461900000460446,1.069259526890000,"15062927","17577",5.095154834840000,"0","0","602345","602346",208.798762606999986,208.798762606503288,"1","15",Southland Region,55238.06039180000,31194.94615960000,"412",Southern South Island,"2096441",{6EAC30B6-3803-4153-A00C-23192C1D31BD},Southern South Island,2604408.466082237660885,20964413635.013725280761719,"632","79.04",Mt Allen,Rakiura,394654.075276601710357,-1203240333.895408630371094,Rakeahua River,"126",Toitoi Bay,ES,8. Shallow drowned valley,,4768955.576000001281500,1220792.034999999916181,634.000000000000000,12679.000000000000000,556631.000000000000000,0.000000000000000,8.000000000000000,4665011.000000000000000,2.300000000000000,1265889.000000000000000,124.000000000000000,303690.000000000000000,"1",18020.720560740701330,1212538.458399999886751,4784975.090499999932945,1220792.035095214843750,4768955.576110839843750
"591943",205853.640577231941279,80830127.999999985098839,"15002482",0.000000000000000,"0","592487","5",237.488947110999987,10.801626205400000,0.000000000000000,1198517.619299999903888,1198441.832099999999627,4776400.872499999590218,4776175.737700000405312,1.184755415080000,"15062927","14273",2.604169973770000,"0","0","603079","603080",281.366316111000003,281.366316111049969,"1","15",Southland Region,55238.06039180000,31194.94615960000,"412",Southern South Island,"2096441",{6EAC30B6-3803-4153-A00C-23192C1D31BD},Southern South Island,2604408.466082237660885,20964413635.013725280761719,"632","79.04",Mt Allen,Rakiura,394654.075276601710357,-1203240333.895408630371094,Doughboy Creek,"127",Doughboy Bay,ES,6. Tidal river mouth,,4778182.080000000074506,1194897.847999999998137,3696.000000000000000,24037.000000000000000,9018539.000000000000000,2.000000000000000,17.000000000000000,155640831.000000000000000,1.900000000000000,16854371.000000000000000,103.000000000000000,432792.000000000000000,"1",3966.424478747395369,1198441.832099999999627,4776400.872499999590218,1194897.848083496093750,4778182.080078125000000
"592468",252659.689092306856764,87265984.000000000000000,"15002959",0.000000000000000,"0","592262","5",315.835400169000025,20.153223037699998,0.000000000000000,1228363.859500000020489,1228649.634300000034273,4771713.779200000688434,4771848.103500000201166,1.366162103240000,"15062927","32484",3.651052709470000,"0","0","603596","603620",431.482354572000020,431.482354571830513,"1","15",Southland Region,55238.06039180000,31194.94615960000,"412",Southern South Island,"2096441",{6EAC30B6-3803-4153-A00C-23192C1D31BD},Southern South Island,2604408.466082237660885,20964413635.013725280761719,"632","79.04",Mt Allen,Rakiura,394654.075276601710357,-1203240333.895408630371094,Lords River/Tūtaekawetoweto,"128",Lords River,ES,9. Deep drowned valley,,4770324.195000000298023,1231300.872999999905005,561.000000000000000,25229.000000000000000,2435773.000000000000000,5.000000000000000,6.000000000000000,15496144.000000000000000,2.200000000000000,5238282.000000000000000,90.000000000000000,187833.000000000000000,"1",2993.327764520795427,1228649.634300000034273,4771713.779200000688434,1231300.873107910156250,4770324.195129394531250
"592709",115519.529113139564288,122500184.000000000000000,"15003118",0.000000000000000,"0","592496","5",200.352189906000007,17.140111923199999,0.000000000000000,1220168.082000000169501,1220213.731399999931455,4769886.069199999794364,4770081.202899999916553,1.067797518300000,"15062927","21564",4.889744756680000,"0","0","603879","603893",213.935571167999996,213.935571167518987,"1","15",Southland Region,55238.06039180000,31194.94615960000,"412",Southern South Island,"2096441",{6EAC30B6-3803-4153-A00C-23192C1D31BD},Southern South Island,2604408.466082237660885,20964413635.013725280761719,"632","79.04",Mt Allen,Rakiura,394654.075276601710357,-1203240333.895408630371094,Toitoi River,"129",Toitoi Bay,ES,6. Tidal river mouth,,4768955.576000001281500,1220792.034999999916181,634.000000000000000,12679.000000000000000,556631.000000000000000,0.000000000000000,8.000000000000000,4665011.000000000000000,2.300000000000000,1265889.000000000000000,124.000000000000000,303690.000000000000000,"1",1095.560383034020788,1220213.731399999931455,4769886.069199999794364,1220792.035095214843750,4768955.576110839843750
"593474",375.824019747635703,418622944.000000059604645,"14330006",,"0","586514","5",0.000000000000000,1.541603922840000,0.000000000000000,0.000000000000000,1348301.374862091615796,4847276.654610590077937,0.000000000000000,0.000000000000000,"0","0",0.000000000000000,"0","0","596409","604797",267.473486399000024,267.473486399074829,"1","14",Otago Region,38514.28971780000,31208.62756660000,"412",Southern South Island,"2096441",{6EAC30B6-3803-4153-A00C-23192C1D31BD},Southern South Island,2604408.466082237660885,20964413635.013725280761719,"626","70.02",Tahakopa,Catlins,339343.641630580066703,-2402033022.568976402282715,Catlins River,"130",Catlins River,ORC,7. Tidal lagoon,7A. Permanently open,4847185.054000000469387,1347849.878000000026077,797.000000000000000,29461.000000000000000,7868741.000000000000000,65.000000000000000,2.000000000000000,14762375.000000000000000,1.800000000000000,9328222.000000000000000,402.000000000000000,641358.000000000116415,"1",460.695096950291429,1348301.374862091615796,4847276.654610590077937,1347849.878112792968750,4847185.054077147506177
"593512",8132.364487975332850,193425488.000000000000000,"13300026",,"0","378513","5",0.000000000000000,2.201386213300000,0.000000000000000,0.000000000000000,1580919.063496237620711,5217117.724182791076601,0.000000000000000,0.000000000000000,"0","0",0.000000000000000,"0","0","386926","604812",269.605997457999990,269.605997458227307,"1","13",Canterbury Region,56773.86937420000,44507.60389690000,"413",East Coast South Island,"1108122",{0F961E84-FFF0-4F16-9BBC-422F3620ED46},East Coast South Island,1345807.113818614045158,11081218286.227926254272461,"526","56.02",Low Plains,Canterbury Plains,490931.608240127097815,-6170979530.094689369201660,Kowai River,"131",no-match,ECAN,5. Freshwater river mouth,3C. Small,5222092.600999999791384,1583549.022000000113621,0.000000000000000,5386.000000000000000,114676.000000000000000,0.000000000000000,2.000000000000000,172014.000000000000000,0.000000000000000,0.000000000000000,729.000000000000000,839902.000000000116415,"1",5627.262417430718415,1580919.063496237620711,5217117.724182791076601,1583549.022094726562500,5222092.601074219681323
"593569",1182.645823171593747,108884768.000000000000000,"12200007",,"0","315382","5",0.000000000000000,0.000000000000000,0.000000000000000,0.000000000000000,1472150.794456977397203,5364704.010386190377176,0.000000000000000,0.000000000000000,"0","0",0.000000000000000,"0","0","604828","604829",44.427211156500000,44.427211156472573,"1","12",West Coast Region,36339.59156420001,23243.81176000000,"418",West Coast South Island,"1311180",{5478D1F7-9DE7-4D55-8CA7-24D2229D99EC},West Coast South Island,1279617.339320387924090,13111801767.683631896972656,"477","48.02",Foulwind,North Westland,161337.022269396868069,-396639668.191308259963989,Totara River,"132",Totara River,WCRC,6. Tidal river mouth,6D. Intermittent with ribbon lagoon,5364660.321999999694526,1472098.300999999977648,295.000000000000000,4755.000000000000000,103342.000000000000000,8.000000000000000,4.000000000000000,367356.000000000000000,2.800000000000000,272601.000000000000000,108.000000000000000,613823.000000000000000,"1",68.295108386364760,1472150.794456977397203,5364704.010386190377176,1472098.301086425781250,5364660.322082519531250
"593575",26007.810554352978215,146048032.000000000000000,"12200004",,"0","349460","5",0.000000000000000,3.635971069340000,3.466035604480000,0.000000000000000,1448480.925499999895692,5289987.813299999572337,0.000000000000000,0.000000000000000,"0","0",0.000000000000000,"0","0","354797","604830",78.633512962200001,78.633512962190423,"1","12",West Coast Region,36339.59156420001,23243.81176000000,"418",West Coast South Island,"1311180",{5478D1F7-9DE7-4D55-8CA7-24D2229D99EC},West Coast South Island,1279617.339320387924090,13111801767.683631896972656,"503","48.10",Greymouth,North Westland,75124.931248886088724,-285636541.147224962711334,New River/Kaimata,"133",Saltwater Creek/New River,WCRC,6. Tidal river mouth,6D. Intermittent with ribbon lagoon,5290628.592000000178814,1448800.604999999981374,35.000000000000000,9902.000000000000000,211551.000000000000000,0.000000000000000,5.000000000000000,963955.000000000000000,2.600000000000000,540852.000000000000000,142.000000000000000,626339.000000000000000,"1",716.095329853352723,1448480.925499999895692,5289987.813299999572337,1448800.605102539062500,5290628.592102050781250
"593611",11936.184241768625725,323633952.000000000000000,"5170006",,"0","139754","5",0.000000000000000,0.000000000000000,0.000000000000000,0.000000000000000,2037035.589200000278652,5707365.145600000396371,0.000000000000000,0.000000000000000,"0","0",0.000000000000000,"0","0","604838","604839",122.154071889999997,122.154071889862465,"1","05",Gisborne Region,13989.56640760000,8385.81580304000,"420",Eastern North Island,"1162075",{F40186D1-3DC9-4A39-8752-4EAEA9052344},Eastern North Island,1124564.040616889018565,11620746321.316089630126953,"401","20.03",Turanga,East Cape,167375.138376002869336,-877395578.414362430572510,Turanganui River,"134",Turanganui River,GDC,6. Tidal river mouth,6B. Spit enclosed,5707429.354000000283122,2036956.110000000102445,388.000000000000000,26648.000000000000000,602761.999999999883585,0.000000000000000,1.000000000000000,2074707.000000000000000,1.400000000000000,869183.000000000000000,314.000000000000000,640236.000000000000000,"1",102.174659114275769,2037035.589200000278652,5707365.145600000396371,2036956.110107421875000,5707429.354125976562500
"593616",150666.238186929724179,206173504.000000000000000,"1040001",,"0","27152","5",0.000000000000000,12.272363662700000,0.000000000000000,0.000000000000000,1732428.855999999679625,6016090.019500000402331,0.000000000000000,0.000000000000000,"0","0",0.000000000000000,"0","0","26864","604842",1675.015974480000068,1675.015974484468643,"1","01",Northland Region,30084.25666220000,12500.31973910000,"416",North Eastern,"3809993",{2399417F-F307-441B-9243-D0AE87325049},North Eastern,6140862.133905312046409,38099933256.712272644042969,"1064","3.09",Waipu,Eastern Northland,142884.010188253858360,-502591891.357703745365143,Waipu River,"135",Waipu River,NRC,7. Tidal lagoon,7A. Permanently open,6015966.184000000357628,1733540.070999999996275,393.000000000000000,45941.000000000000000,1548895.000000000000000,41.000000000000000,3.000000000000000,4339888.000000000000000,2.000000000000000,2499800.000000000465661,228.000000000000000,509072.000000000000000,"1",1118.094013243699919,1732428.855999999679625,6016090.019500000402331,1733540.071105957031250,6015966.184082032181323
"593622",492400.109562292578630,185672656.000000000000000,"7247115",529.317107471436202,"0","249508","5",964.116694181999947,5.069054126740000,1.886684656140000,1782739.480599999893457,1782644.181200000457466,5497676.089900000020862,5497793.710099999792874,1.086062617680000,"7047051","36796",0.272352126648000,"0","0","252501","604844",151.702564236999990,151.702564237085028,"1","08",Manawatu-Wanganui Region,25322.14256030000,22220.58999180000,"414",North Cook Strait,"1365584",{1BA1FA3D-1473-4ED8-AEB3-FC460A0E9711},North Cook Strait,1421796.417902318527922,13655837189.367370605468750,"425","31.02",Foxton,Manawatu,299669.699678189179394,-928777867.036831855773926,Ohau River,"136",Ohau River,HRC,4. Beach stream,4D. Stream with ribbon lagoon,5496493.668999999761581,1782224.750000000000000,241.000000000000000,6386.000000000000000,282578.000000000000000,0.000000000000000,3.000000000000000,-9999.000000000000000,0.000000000000000,0.000000000000000,183.000000000000000,489408.000000000000000,"1",1254.608030502889278,1782644.181200000457466,5497676.089900000020862,1782224.750122070545331,5496493.669128417968750
"3066",300326.244967427628580,179516192.000000000000000,"1003110",0.000000000000000,"0","5686","6",414.450238268000021,18.626363754300002,0.000000000000000,1652722.637899999972433,1652317.577199999941513,6123530.461400000378489,6123441.613400000147521,1.126598927340000,"1002889","44245",2.573275775770000,"0","0","3574","3575",466.919193869000026,466.919193869286971,"1","01",Northland Region,30084.25666220000,12500.31973910000,"416",North Eastern,"3809993",{2399417F-F307-441B-9243-D0AE87325049},North Eastern,6140862.133905312046409,38099933256.712272644042969,"1051","5.01",Maungataniwha,Western Northland,186731.942798262694851,-980998575.285339832305908,Oruaiti River,"137",Mangonui Harbour,NRC,8. Shallow drowned valley,,6129124.349999999627471,1648110.791999999899417,346.000000000000000,42884.000000000000000,8685508.000000000000000,68.000000000000000,1.000000000000000,11929984.000000000000000,2.000000000000000,11218376.000000000000000,76.000000000000000,171150.000000000000000,"1",6999.187918564875872,1652317.577199999941513,6123530.461400000378489,1648110.792114257812500,6129124.350097656250000
"3080",1255074.004817748675123,364969536.000000000000000,"1002934",0.000000000000000,"0","6893","6",1336.337158060000093,5.885707378390000,0.000000000000000,1624116.805500000016764,1624038.096900000004098,6124696.346499999985099,6123362.267100000753999,1.519456612690000,"1002771","52043",0.252349588767000,"0","0","3569","3588",2030.506331589999945,2030.506331588625699,"1","01",Northland Region,30084.25666220000,12500.31973910000,"416",North Eastern,"3809993",{2399417F-F307-441B-9243-D0AE87325049},North Eastern,6140862.133905312046409,38099933256.712272644042969,"1049","2.02",Aupouri,Northern Northland,380359.065449488814920,-1192018828.290722608566284,Awanui River,"138",Rangaunu Harbour,NRC,8. Shallow drowned valley,,6139917.114000000059605,1625675.144999999785796,1643.000000000000000,127630.000000000000000,101709220.000000000000000,78.000000000000000,2.000000000000000,248188694.000000000000000,2.000000000000000,122167882.000000000000000,552.000000000000000,1133197.000000000000000,"1",15308.549647460047709,1624038.096900000004098,6124696.346499999985099,1625675.145080566406250,6139917.114074707962573
"10447",231120.780162897135597,443150464.000000000000000,"1010475",0.000000000000000,"0","16289","6",585.158098294999945,17.449085235599998,0.000000000000000,1699151.270800000056624,1699691.644499999936670,6086367.569000000134110,6086591.077600000426173,1.096688369600000,"1009378","57291",1.708022379730000,"0","0","11405","11440",641.736080777999973,641.736080778325004,"1","01",Northland Region,30084.25666220000,12500.31973910000,"416",North Eastern,"3809993",{2399417F-F307-441B-9243-D0AE87325049},North Eastern,6140862.133905312046409,38099933256.712272644042969,"1052","3.02",Kerikeri,Eastern Northland,330019.347415063995868,-665865615.772764205932617,Kawakawa River,"139",Opua Inlet System,NRC,9. Deep drowned valley,,6096592.581000000238419,1706273.918000000063330,678.000000000000000,10699.000000000000000,1660007.000000000000000,27.000000000000000,3.000000000000000,4652984.000000000000000,1.900000000000000,2755026.000000000000000,4.000000000000000,9827.000000000000000,"1",12160.476898176475515,1699691.644499999936670,6086367.569000000134110,1706273.918090820079669,6096592.581115722656250
"11990",477399.019770884304307,518946016.000000000000000,"1011873",0.000000000000000,"0","15842","6",879.920450950000031,17.648477554300001,0.000000000000000,1653171.436999999918044,1652959.308299999916926,6079978.503600000403821,6079124.505099999718368,1.069972535230000,"1010681","52225",1.149022140740000,"0","0","13101","13102",941.490715704999957,941.490715704650484,"1","01",Northland Region,30084.25666220000,12500.31973910000,"415",Western North Island,"1457231",{FA1D5DC5-E5DF-4C1D-B636-BDCD9EC4AB7D},Western North Island,3273685.956958715338260,14572310124.708490371704102,"1056","5.03",Hokianga,Western Northland,243495.514311923878267,-863588897.533495187759399,Waima River,"140",Hokianga Harbour System,NRC,8. Shallow drowned valley,,6068288.910000000149012,1632830.578999999910593,1466.000000000000000,340748.000000000000000,106497969.000000000000000,49.000000000000000,5.000000000000000,482972423.000000000000000,2.700000000000000,216172096.000000000000000,1605.000000000000000,4274573.000000000000000,"1",23276.862663407879154,1652959.308299999916926,6079978.503600000403821,1632830.579101562500000,6068288.910095214843750
"27805",553016.679402283276431,3556368640.000000000000000,"1027795",0.000000000000000,"0","28055","7",593.721315097000115,5.274671077730000,1.552887082100000,1688474.089299999875948,1688909.839200000045821,6001955.558599999174476,6002359.370900000445545,1.044361921620000,"1025624","177339",0.359158064532000,"0","0","29308","29378",620.059933541999953,620.059933542072372,"1","01",Northland Region,30084.25666220000,12500.31973910000,"415",Western North Island,"1457231",{FA1D5DC5-E5DF-4C1D-B636-BDCD9EC4AB7D},Western North Island,3273685.956958715338260,14572310124.708490371704102,"1063","6.03",Kaipara,Kaipara,392403.506791917607188,-1979297746.234199047088623,Wairoa River (Northland),"141",Kaipara Harbour System,AC/NRC,8. Shallow drowned valley,,5969220.867999999783933,1704376.631000000052154,7037.000000000000000,1170537.000000000000000,743061027.000000000000000,42.000000000000000,5.000000000000000,3992734683.000000000000000,2.800000000000000,1615117448.000000000000000,6266.000000000000000,13592949.000000000000000,"1",36204.718114068957220,1688909.839200000045821,6001955.558599999174476,1704376.631103515625000,5969220.868103027343750
"32265",391302.565430401125923,398447552.000000000000000,"2032254",0.000000000000000,"0","32597","6",664.361347461000037,19.333078384400000,1.690327286720000,1729519.195000000065193,1729442.761799999978393,5967963.929200000129640,5967304.262699999846518,1.266596984040000,"2001886","63327",1.521187254370000,"0","0","34560","34561",841.478079005000041,841.478079004733559,"1","02",Auckland Region,16156.60956730000,4941.62240071000,"415",Western North Island,"1457231",{FA1D5DC5-E5DF-4C1D-B636-BDCD9EC4AB7D},Western North Island,3273685.956958715338260,14572310124.708490371704102,"1067","6.02",Otamatea,Kaipara,170919.135211348591838,-833259269.030669689178467,Hoteo River,"142",Kaipara Harbour System,AC/NRC,8. Shallow drowned valley,,5969220.867999999783933,1704376.631000000052154,7037.000000000000000,1170537.000000000000000,743061027.000000000000000,42.000000000000000,5.000000000000000,3992734683.000000000000000,2.800000000000000,1615117448.000000000000000,6266.000000000000000,13592949.000000000000000,"1",25097.625455392757431,1729442.761799999978393,5967963.929200000129640,1704376.631103515625000,5969220.868103027343750
"45143",53131.932607300092059,1982869120.000000000000000,"3045205",0.000000000000000,"0","90046","6",96.046863561500004,2.320356130600000,0.000000000000000,1825663.140200000023469,1825602.977800000226125,5883726.525700000114739,5883651.618799999356270,1.039939049640000,"3004855","228549",1.383916149990000,"0","0","48793","48794",99.882884013199998,99.882884013230381,"1","03",Waikato Region,34888.44518800000,23899.89878450000,"416",North Eastern,"3809993",{2399417F-F307-441B-9243-D0AE87325049},North Eastern,6140862.133905312046409,38099933256.712272644042969,"353","10.05",Thames,Coromandel,94201.411396549519850,-408065863.733079731464386,Waihou River (Waikato),"143",Waihou River,WRC,6. Tidal river mouth,6A. Unrestricted,5883570.900000000372529,1825331.864999999990687,1000.000000000000000,76562.000000000000000,9914351.000000001862645,7.000000000000000,2.000000000000000,59347457.000000007450581,3.300000000000000,31594214.999999996274710,1980.000000000000000,4394084.000000000000000,"1",312.604256742998757,1825602.977800000226125,5883726.525700000114739,1825331.865112304687500,5883570.900085449218750
"45771",177400.947291527350899,1481993472.000000000000000,"3045797",0.000000000000000,"0","73567","6",424.725793894999981,1.712152242660000,0.000000000000000,1821917.735399999888614,1821632.054599999915808,5880988.116499999538064,5880673.570399999618530,1.019891453780000,"3005199","136985",0.230969257089000,"0","0","49469","49470",433.174207394000007,433.174207393574136,"1","03",Waikato Region,34888.44518800000,23899.89878450000,"416",North Eastern,"3809993",{2399417F-F307-441B-9243-D0AE87325049},North Eastern,6140862.133905312046409,38099933256.712272644042969,"359","11.03",Hauraki,Waikato,236290.681809335103026,-773335464.346971273422241,Piako River,"144",Piako River,WRC,6. Tidal river mouth,6A. Unrestricted,5880883.088000000454485,1821679.922999999951571,862.000000000000000,28386.000000000000000,1697671.000000000000000,26.000000000000000,4.000000000000000,7426156.000000000000000,3.300000000000000,4900022.000000000000000,1461.000000000000000,2439637.000000000000000,"1",115.422542016044190,1821632.054599999915808,5880988.116499999538064,1821679.923095703125000,5880883.088073730468750
"50097",25197.219522741059336,14473664512.000000000000000,"3050201",0.000000000000000,"0","185174","8",47.434164902500001,5.538501739500000,2.732410430910000,1751231.967600000090897,1751186.944200000027195,5862798.179600000381470,5862783.258299999870360,1.079609562060000,"3009006","454228",3.385536277390000,"0","0","53891","53892",51.210377997199998,51.210377997170987,"1","03",Waikato Region,34888.44518800000,23899.89878450000,"415",Western North Island,"1457231",{FA1D5DC5-E5DF-4C1D-B636-BDCD9EC4AB7D},Western North Island,3273685.956958715338260,14572310124.708490371704102,"365","11.01",Meremere,Waikato,165257.958309351437492,-497436236.375142455101013,Waikato River,"145",Waikato River,WRC,6. Tidal river mouth,6B. Spit enclosed,5862650.864000000059605,1751287.604999999981374,728.000000000000000,119622.000000000000000,18174787.000000000000000,8.000000000000000,6.000000000000000,116992603.000000000000000,2.900000000000000,49891290.000000000000000,14481.000000000000000,31316401.000000000000000,"1",178.422199550473181,1751186.944200000027195,5862798.179600000381470,1751287.605102539062500,5862650.864074707031250
"59577",189244.991133879200788,464073344.000000000000000,"4059738",0.000000000000000,"0","77557","6",21.213203435600001,3.897864818570000,1.935931682590000,1872741.607000000076368,1872756.591899999883026,5824503.110600000247359,5824488.076100000180304,1.000648032560000,"4001064","46180",5.284051219950000,"0","0","63689","63690",21.226950282099999,21.226950282062553,"1","04",Bay of Plenty Region,21883.23701590000,12070.49744960000,"416",North Eastern,"3809993",{2399417F-F307-441B-9243-D0AE87325049},North Eastern,6140862.133905312046409,38099933256.712272644042969,"372","13.02",Tauranga,Northern Volcanic Plateau,372742.947468293365091,-772871403.672450423240662,Wairoa River (Bay of Plenty),"146",Tauranga Harbour System,BOPRC,8. Shallow drowned valley,,5829840.365000000223517,1878823.439000000013039,1128.000000000000000,327072.000000000000000,200439588.000000000000000,77.000000000000000,2.000000000000000,425300509.000000000000000,1.700000000000000,211514717.000000000000000,1300.000000000000000,3415721.000000000000000,"1",8080.403487356469668,1872756.591899999883026,5824503.110600000247359,1878823.439086914062500,5829840.365112304687500
"61041",5419.194865426828983,356143200.000000000000000,"4061212",0.000000000000000,"0","72910","6",21.213203435600001,2.295731067660000,1.737537503240000,2028811.117700000060722,2028826.116600000066683,5821051.029900000430644,5821035.975599999539554,1.001775035430000,"4001460","55096",1.507305038090000,"0","0","65210","65211",21.250857623300000,21.250857623329189,"1","04",Bay of Plenty Region,21883.23701590000,12070.49744960000,"416",North Eastern,"3809993",{2399417F-F307-441B-9243-D0AE87325049},North Eastern,6140862.133905312046409,38099933256.712272644042969,"379","19.02",Motu,Raukumara,304298.372031920298468,-3179403563.345004558563232,Raukokore River,"147",Raukokore River,BOPRC,3. Hāpua-type lagoon,3B. Medium,5821278.995000000111759,2028833.523000000044703,9.000000000000000,-9999.000000000000000,-9999.000000000000000,0.000000000000000,-9999.000000000000000,0.000000000000000,0.000000000000000,0.000000000000000,354.000000000000000,1158941.000000000000000,"1",228.085501652565426,2028826.116600000066683,5821051.029900000430644,2028833.523071289062500,5821278.995117187500000
"63068",1224222.223945868201554,1205129984.000000000000000,"4063013",0.000000000000000,"0","96090","6",1190.425974179999912,3.421932935710000,0.000000000000000,1899835.118299999972805,1900930.259800000116229,5816683.731800000183284,5816216.553600001148880,1.260877612880000,"4002050","85700",0.164698897144000,"0","0","67316","67317",1500.981460629999901,1500.981460633222468,"1","04",Bay of Plenty Region,21883.23701590000,12070.49744960000,"416",North Eastern,"3809993",{2399417F-F307-441B-9243-D0AE87325049},North Eastern,6140862.133905312046409,38099933256.712272644042969,"372","13.02",Tauranga,Northern Volcanic Plateau,372742.947468293365091,-772871403.672450423240662,Kaituna River (Bay of Plenty),"148",Maketu Estuary,BOPRC,7. Tidal lagoon,7A. Permanently open,5815834.133999999612570,1904320.020000000018626,192.000000000000000,12907.000000000000000,2182561.000000000000000,58.000000000000000,2.000000000000000,3548524.000000000000000,1.700000000000000,2639051.000000000000000,2.000000000000000,45792.000000000000000,"1",3494.608850978996088,1900930.259800000116229,5816683.731800000183284,1904320.020080566406250,5815834.134094238281250
"71886",167032.265228636679240,1390039296.000000000000000,"4071987",0.000000000000000,"0","119231","6",255.440795489000010,4.972235679630000,1.533608913420000,2004777.363300000317395,2004611.780899999896064,5800003.610600000247359,5799808.569099999964237,1.101498839680000,"4004985","150592",0.771243182158000,"0","0","76292","76293",281.367739839000023,281.367739838529303,"1","04",Bay of Plenty Region,21883.23701590000,12070.49744960000,"416",North Eastern,"3809993",{2399417F-F307-441B-9243-D0AE87325049},North Eastern,6140862.133905312046409,38099933256.712272644042969,"379","19.02",Motu,Raukumara,304298.372031920298468,-3179403563.345004558563232,Motu River,"149",Motu River,BOPRC,3. Hāpua-type lagoon,3A. Large,5800408.559000000357628,2003773.253000000026077,144.000000000000000,-9999.000000000000000,-9999.000000000000000,0.000000000000000,-9999.000000000000000,0.000000000000000,0.000000000000000,0.000000000000000,1386.000000000000000,3644170.000000000000000,"1",931.188553955298175,2004611.780899999896064,5800003.610600000247359,2003773.253112792968750,5800408.559082031250000
"71957",7215.292666533474403,843260096.000000000000000,"4072173",0.000000000000000,"0","100547","6",47.434164902500001,2.359209060670000,0.000000000000000,1933163.083600000012666,1933178.029199999989942,5799619.196999999694526,5799574.125800000503659,1.080816385480000,"4005128","80492",2.847345918420000,"0","0","76365","76366",51.267622658199997,51.267622658217974,"1","04",Bay of Plenty Region,21883.23701590000,12070.49744960000,"416",North Eastern,"3809993",{2399417F-F307-441B-9243-D0AE87325049},North Eastern,6140862.133905312046409,38099933256.712272644042969,"384","14.01",Te Teko,Whakatane,104144.822355192882242,-334400776.540028393268585,Tarawera River,"150",Tarawera River,BOPRC,6. Tidal river mouth,,5799583.888000000268221,1933183.246000000042841,30.000000000000000,-9999.000000000000000,-9999.000000000000000,-9999.000000000000000,-9999.000000000000000,-9999.000000000000000,-9999.000000000000000,-9999.000000000000000,838.000000000000000,1064593.000000000000000,"1",35.692195317037722,1933178.029199999989942,5799619.196999999694526,1933183.246093750000000,5799583.888122559525073
"73646",712590.681502496358007,3001923072.000000000000000,"4073584",0.000000000000000,"0","160653","6",755.589835824000033,6.589233875270000,0.000000000000000,1940765.866300000110641,1941335.735499999951571,5797169.202999999746680,5796672.765899999998510,1.085093831970000,"4005774","197642",0.499643905093000,"0","0","78084","78085",819.885870353999962,819.885870353927658,"1","04",Bay of Plenty Region,21883.23701590000,12070.49744960000,"416",North Eastern,"3809993",{2399417F-F307-441B-9243-D0AE87325049},North Eastern,6140862.133905312046409,38099933256.712272644042969,"384","14.01",Te Teko,Whakatane,104144.822355192882242,-334400776.540028393268585,Rangataiki River,"151",Rangitaiki River,BOPRC,6. Tidal river mouth,,5797124.592000000178814,1941297.672000000020489,35.000000000000000,-9999.000000000000000,-9999.000000000000000,-9999.000000000000000,-9999.000000000000000,-9999.000000000000000,-9999.000000000000000,-9999.000000000000000,2939.000000000000000,3050874.000000000000000,"1",58.642588434133401,1941335.735499999951571,5797169.202999999746680,1941297.672119140857831,5797124.592102050781250
"76552",654950.507718144450337,1744594944.000000000000000,"4076553",0.000000000000000,"0","137889","7",537.703449868000007,3.336239576340000,0.000000000000000,1949513.448799999896437,1949783.059600000269711,5792226.480399999767542,5791760.519100000150502,1.074050051950000,"4006872","123893",0.355493465177000,"0","0","81041","81042",577.520418264000000,577.520418264172463,"1","04",Bay of Plenty Region,21883.23701590000,12070.49744960000,"416",North Eastern,"3809993",{2399417F-F307-441B-9243-D0AE87325049},North Eastern,6140862.133905312046409,38099933256.712272644042969,"384","14.01",Te Teko,Whakatane,104144.822355192882242,-334400776.540028393268585,Whakatane River,"152",Whakatane River,BOPRC,6. Tidal river mouth,6B. Spit enclosed,5792995.759999998845160,1952463.378000000026077,129.000000000000000,28526.000000000000000,1507392.000000000000000,31.000000000000000,4.000000000000000,6359039.000000000000000,1.700000000000000,2169092.000000000000000,1772.000000000000000,4805620.000000000000000,"1",2788.529817292076586,1949783.059600000269711,5792226.480399999767542,1952463.378112792968750,5792995.760070800781250
"100075",115204.789499772276031,364513983.999999940395355,"3100226",0.000000000000000,"0","106663","6",204.022057630999996,8.986850738530000,0.000000000000000,1750064.187900000018999,1749899.328200000105426,5758742.687100000679493,5758862.887000000104308,1.052386925970000,"3030336","44937",2.522159495950000,"0","0","104696","104812",214.710146060000000,214.710146060168768,"1","03",Waikato Region,34888.44518800000,23899.89878450000,"415",Western North Island,"1457231",{FA1D5DC5-E5DF-4C1D-B636-BDCD9EC4AB7D},Western North Island,3273685.956958715338260,14572310124.708490371704102,"398","12.03",Herangi,Tainui,137722.465719228493981,-547847034.110823154449463,Marokopa River,"153",Marakopa River,WRC,6. Tidal river mouth,6B. Spit enclosed,5758657.030000000260770,1749891.493000000016764,230.000000000000000,17834.000000000000000,659518.000000000116415,14.000000000000000,5.000000000000000,2973975.000000000000000,3.000000000000000,1837757.000000000000000,367.000000000000000,1137806.000000000000000,"1",86.014603701624281,1749899.328200000105426,5758742.687100000679493,1749891.493103027343750,5758657.030090332031250
"115926",965281.067402706714347,538657600.000000000000000,"5115662",0.000000000000000,"0","118238","6",1340.872850049999897,20.041805267299999,1.231759667400000,2061876.586899999994785,2063034.794599999906495,5739221.399299999698997,5739896.534699998795986,1.182676073940000,"5008880","78918",0.803704782910000,"0","0","120181","120720",1585.818237940000017,1585.818237944095699,"1","05",Gisborne Region,13989.56640760000,8385.81580304000,"420",Eastern North Island,"1162075",{F40186D1-3DC9-4A39-8752-4EAEA9052344},Eastern North Island,1124564.040616889018565,11620746321.316089630126953,"382","20.02",Waiapu,East Cape,355549.900891669094563,-3328322783.548686027526855,Uawa River,"154",Uawa River (Tolaga Bay),GDC,6. Tidal river mouth,6B. Spit enclosed,5739245.322999999858439,2063555.675000000046566,137.000000000000000,26245.000000000000000,1129627.000000000000000,23.000000000000000,3.000000000000000,3216449.000000000000000,1.500000000000000,1475920.000000000000000,557.000000000000000,1276990.000000000000000,"1",521.429625860041824,2063034.794599999906495,5739221.399299999698997,2063555.675109863281250,5739245.323120117187500
"131555",3599.976549233937931,383388288.000000000000000,"3131837",0.000000000000000,"0","132200","6",21.213203435600001,3.585559844970000,2.320018529890000,1741017.509899999946356,1741002.524900000076741,5719177.585599999874830,5719192.600399999879301,0.999993826703000,"3042776","75053",3.414117149150000,"0","0","136400","136401",21.213072480200001,21.213072480199148,"1","03",Waikato Region,34888.44518800000,23899.89878450000,"415",Western North Island,"1457231",{FA1D5DC5-E5DF-4C1D-B636-BDCD9EC4AB7D},Western North Island,3273685.956958715338260,14572310124.708490371704102,"406","24.01",North Taranaki,Taranaki,358833.346647690050304,-2553389021.355181694030762,Awakino River,"155",Awakino River,WRC,6. Tidal river mouth,6B. Spit enclosed,5719179.763000000268221,1740901.902000000001863,190.000000000000000,14283.000000000000000,324272.000000000000000,0.000000000000000,5.000000000000000,1646005.000000000000000,3.100000000000000,997461.000000000000000,382.000000000000000,1281390.000000000000000,"1",100.646358915565017,1741002.524900000076741,5719177.585599999874830,1740901.902099609375000,5719179.763122558593750
"134699",458099.319388650590554,1445778688.000000238418579,"3134894",0.000000000000000,"0","139264","6",508.366009878999989,16.644727706899999,1.984352469440000,1741441.401899999706075,1740946.519299999810755,5715112.539800000376999,5715233.021299999207258,1.071482283680000,"3043401","162378",1.651851566180000,"0","0","139494","139570",544.705173208000019,544.705173208466704,"1","03",Waikato Region,34888.44518800000,23899.89878450000,"415",Western North Island,"1457231",{FA1D5DC5-E5DF-4C1D-B636-BDCD9EC4AB7D},Western North Island,3273685.956958715338260,14572310124.708490371704102,"406","24.01",North Taranaki,Taranaki,358833.346647690050304,-2553389021.355181694030762,Mokau River,"156",Mokau River,WRC,6. Tidal river mouth,6B. Spit enclosed,5714693.246000000275671,1740356.347999999998137,337.000000000000000,18312.000000000000000,1083911.000000000000000,0.000000000000000,5.000000000000000,5511303.000000000000000,3.100000000000000,3343698.000000000000000,1452.000000000000000,3915523.000000000000000,"1",723.953919038121398,1740946.519299999810755,5715112.539800000376999,1740356.348083496093750,5714693.246093750000000
"143215",100260.654984004606376,2183133952.000000000000000,"5143426",0.000000000000000,"0","151987","7",138.293166858999996,0.000000000000000,0.000000000000000,2029658.831500000087544,2029794.099799999967217,5703554.325000000186265,5703584.266800000332296,1.067964523050000,"5013426","112145",0.000000000000000,"0","0","148075","148089",147.692195986999991,147.692195986538593,"1","05",Gisborne Region,13989.56640760000,8385.81580304000,"420",Eastern North Island,"1162075",{F40186D1-3DC9-4A39-8752-4EAEA9052344},Eastern North Island,1124564.040616889018565,11620746321.316089630126953,"401","20.03",Turanga,East Cape,167375.138376002869336,-877395578.414362430572510,Waipaoa River,"157",Waipaoa River,GDC,6. Tidal river mouth,6B. Spit enclosed,5703399.111999999731779,2029765.385999999940395,285.000000000000000,19098.000000000000000,1073747.000000000000000,2.000000000000000,4.000000000000000,4675430.000000000000000,1.400000000000000,1529244.000000000232831,585.000000000000000,1125912.000000000000000,"1",157.846487804565129,2029794.099799999967217,5703554.325000000186265,2029765.386108398437500,5703399.112121582031250
"156934",255522.062356378039112,1139361024.000000000000000,"6157079",0.000000000000000,"0","183328","6",222.991031209999989,3.459528923030000,0.000000000000000,1706522.111999999964610,1706372.001699999673292,5683869.221599999815226,5683704.367800000123680,1.018415369940000,"6001707","168792",0.888827570961000,"0","0","161843","161844",227.097493543000013,227.097493542803846,"1","07",Taranaki Region,12696.95762600000,7254.35732565000,"415",Western North Island,"1457231",{FA1D5DC5-E5DF-4C1D-B636-BDCD9EC4AB7D},Western North Island,3273685.956958715338260,14572310124.708490371704102,"411","25.01",Egmont,Egmont,267258.576790397928562,-2679883764.125142574310303,Waitara River,"158",Waitara River,TRC,6. Tidal river mouth,6B. Spit enclosed,5683857.466000000014901,1706381.105999999912456,153.000000000000000,9854.000000000000000,419728.999999999941792,0.000000000000000,5.000000000000000,2131199.000000000000000,3.100000000000000,1293504.000000000000000,1154.000000000000000,3943561.000000000000000,"1",14.868789453827166,1706372.001699999673292,5683869.221599999815226,1706381.106079101562500,5683857.466125488281250
"171272",902.504070126608099,3673586688.000000000000000,"8171566",0.000000000000000,"0","169636","8",15.000000000000000,2.438095808030000,2.066299676900000,1982540.052699999883771,1982540.061699999962002,5666817.262299999594688,5666832.283200000412762,1.001393513140000,"8014810","145561",1.419866393050000,"0","0","176265","176266",15.020902697100000,15.020902697061391,"1","06",Hawke's Bay Region,21444.16000310000,14137.21034330000,"420",Eastern North Island,"1162075",{F40186D1-3DC9-4A39-8752-4EAEA9052344},Eastern North Island,1124564.040616889018565,11620746321.316089630126953,"407","22.03",Waihua,Wairoa,352557.086749589245301,-1393937217.010110378265381,Wairoa River (Hawkes Bay),"159",Wairoa River,HBRC,6. Tidal river mouth,6B. Spit enclosed,5666819.298000000417233,1982703.432999999960884,174.000000000000000,21383.000000000000000,2498812.000000000000000,16.000000000000000,4.000000000000000,9734902.000000000000000,1.500000000000000,3409409.000000000000000,311.000000000000000,637732.000000000000000,"1",163.384089154953045,1982540.061699999962002,5666817.262299999594688,1982703.433105468750000,5666819.298095703125000
"175111",276983.829676029272377,2440505600.000000000000000,"8175260",0.000000000000000,"0","186823","7",379.415339700000004,20.050399780300001,5.210095882420000,1961515.476599999936298,1961830.991900000022724,5661653.062199999578297,5661863.133500001393259,1.060795516370000,"8016203","178487",2.239903825390000,"0","0","180008","180134",402.482091195000010,402.482091194793725,"1","06",Hawke's Bay Region,21444.16000310000,14137.21034330000,"420",Eastern North Island,"1162075",{F40186D1-3DC9-4A39-8752-4EAEA9052344},Eastern North Island,1124564.040616889018565,11620746321.316089630126953,"407","22.03",Waihua,Wairoa,352557.086749589245301,-1393937217.010110378265381,Mohaka River,"160",Mohaka River,HBRC,3. Hāpua-type lagoon,3B. Medium,5660951.303999999538064,1962572.662999999942258,22.000000000000000,-9999.000000000000000,-9999.000000000000000,0.000000000000000,-9999.000000000000000,0.000000000000000,0.000000000000000,0.000000000000000,2435.000000000000000,3422073.000000000000000,"1",1021.048779950037897,1961830.991900000022724,5661653.062199999578297,1962572.663085937500000,5660951.304077148437500
"201966",635157.638303201063536,147186624.000000000000000,"6201779",0.000000000000000,"0","201598","6",738.054876009000054,18.302068710299999,3.789486169820000,1691506.663100000005215,1691057.054500000085682,5619730.088100000284612,5620315.212100000120699,1.532651388700000,"6012770","37258",1.126478412760000,"0","0","206867","207203",1131.180830649999962,1131.180830649247355,"1","07",Taranaki Region,12696.95762600000,7254.35732565000,"414",North Cook Strait,"1365584",{1BA1FA3D-1473-4ED8-AEB3-FC460A0E9711},North Cook Strait,1421796.417902318527922,13655837189.367370605468750,"411","25.01",Egmont,Egmont,267258.576790397928562,-2679883764.125142574310303,Kaupokonui Stream,"161",Waingongoro River,TRC,4. Beach stream,4B. Damp-sand plain stream,5617468.506000000983477,1702396.970999999903142,12.000000000000000,-9999.000000000000000,-9999.000000000000000,0.000000000000000,-9999.000000000000000,-9999.000000000000000,0.000000000000000,0.000000000000000,233.000000000000000,337308.999999999941792,"1",11563.237535854243106,1691057.054500000085682,5619730.088100000284612,1702396.971130371093750,5617468.506103515625000
"205961",60421.225156511660316,3369033728.000000476837158,"8206135",0.000000000000000,"0","221288","7",96.046863561500004,2.819876909260000,1.954385757450000,1937360.700200000079349,1937435.756199999945238,5613047.490100000053644,5612987.405600000172853,1.040671108990000,"8024563","168865",0.516286153910000,"0","0","211216","211217",99.953196017899998,99.953196017927922,"1","06",Hawke's Bay Region,21444.16000310000,14137.21034330000,"420",Eastern North Island,"1162075",{F40186D1-3DC9-4A39-8752-4EAEA9052344},Eastern North Island,1124564.040616889018565,11620746321.316089630126953,"415","29.02",Heretaunga,Hawkes Bay,326175.210262588516343,-3100608215.906915664672852,Ngaruroro River,"162",Ngaruroro River,HBRC,6. Tidal river mouth,6B. Spit enclosed,5613133.588999999687076,1937438.499000000068918,171.000000000000000,18514.000000000000000,718823.000000000000000,0.000000000000000,3.000000000000000,2485690.000000000000000,1.500000000000000,1048044.000000000000000,3382.000000000000000,6931812.000000000000000,"1",86.142690734048927,1937435.756199999945238,5613047.490100000053644,1937438.499084472656250,5613133.589111328125000
"207567",945730.682403183076531,284508032.000000000000000,"6207171",0.000000000000000,"0","206648","6",1125.940051690000018,19.958927154500000,0.000000000000000,1715268.048900000052527,1715313.596299999859184,5609963.711900000460446,5611088.588700000196695,1.338335394170000,"6014230","41612",1.015545134750000,"0","0","212228","212811",1506.885422889999973,1506.885422886249216,"1","07",Taranaki Region,12696.95762600000,7254.35732565000,"414",North Cook Strait,"1365584",{1BA1FA3D-1473-4ED8-AEB3-FC460A0E9711},North Cook Strait,1421796.417902318527922,13655837189.367370605468750,"411","25.01",Egmont,Egmont,267258.576790397928562,-2679883764.125142574310303,Tangahoe River,"163",Tangahoe River,TRC,4. Beach stream,4B. Damp-sand plain stream,5609972.330000000074506,1715322.918999999994412,10.000000000000000,-9999.000000000000000,-9999.000000000000000,0.000000000000000,-9999.000000000000000,-9999.000000000000000,0.000000000000000,0.000000000000000,285.000000000000000,171972.000000000000000,"1",12.695988496363858,1715313.596299999859184,5609963.711900000460446,1715322.919128417968750,5609972.330078125000000
"207999",99199.390025560001959,2506876928.000000000000000,"8208126",0.000000000000000,"0","233399","7",248.294180358999995,4.165595531460000,0.000000000000000,1938623.118999999947846,1938848.314200000138953,5609369.229500000365078,5609264.056900000199676,1.082436237080000,"8025043","145357",0.961153175373000,"0","0","213239","213240",268.762618277000001,268.762618276778312,"1","06",Hawke's Bay Region,21444.16000310000,14137.21034330000,"420",Eastern North Island,"1162075",{F40186D1-3DC9-4A39-8752-4EAEA9052344},Eastern North Island,1124564.040616889018565,11620746321.316089630126953,"415","29.02",Heretaunga,Hawkes Bay,326175.210262588516343,-3100608215.906915664672852,Tukituki River,"164",Tukituki River,HBRC,6. Tidal river mouth,6B. Spit enclosed,5609417.118999999947846,1938737.808999999891967,24.000000000000000,-9999.000000000000000,-9999.000000000000000,-9999.000000000000000,-9999.000000000000000,-9999.000000000000000,-9999.000000000000000,-9999.000000000000000,2500.000000000000000,1967314.000000000000000,"1",120.435845704570355,1938848.314200000138953,5609369.229500000365078,1938737.809082031250000,5609417.119079589843750
"214926",362671.591514564177487,1049099008.000000000000000,"6214825",0.000000000000000,"0","214213","6",591.882589707999955,18.760318756099998,0.000000000000000,1727453.857000000076368,1727544.107199999969453,5596290.222199999727309,5596875.159799999557436,1.135289691450000,"6015863","160864",1.815440679530000,"0","0","219915","220217",671.958202645000028,671.958202645091433,"1","07",Taranaki Region,12696.95762600000,7254.35732565000,"414",North Cook Strait,"1365584",{1BA1FA3D-1473-4ED8-AEB3-FC460A0E9711},North Cook Strait,1421796.417902318527922,13655837189.367370605468750,"420","31.02",Foxton,Manawatu,35484.316703098760627,-13256305.291971357539296,Patea River,"165",Patea River,TRC,6. Tidal river mouth,6B. Spit enclosed,5596306.189000000245869,1727512.953999999910593,132.000000000000000,4551.000000000000000,234400.000000000000000,32.000000000000000,4.000000000000000,1047793.000000000000000,2.900000000000000,573063.000000000000000,1054.000000000000000,2428731.000000000000000,"1",35.006528248168657,1727544.107199999969453,5596290.222199999727309,1727512.954101562500000,5596306.189086914062500
"219214",901848.130315856193192,1161937920.000000000000000,"6219110",0.000000000000000,"0","218737","7",880.242012176000003,12.927611350999999,1.667834639550000,1744677.392699999967590,1744077.631999999983236,5587507.127600000239909,5588152.382500000298023,1.075016281730000,"6016641","123306",0.732869735453000,"0","0","224288","224528",946.274494956000012,946.274494956178842,"1","07",Taranaki Region,12696.95762600000,7254.35732565000,"414",North Cook Strait,"1365584",{1BA1FA3D-1473-4ED8-AEB3-FC460A0E9711},North Cook Strait,1421796.417902318527922,13655837189.367370605468750,"421","31.02",Foxton,Manawatu,104836.570981610129820,-61295320.181424908339977,Waitotara River,"166",Waitotara River,TRC,6. Tidal river mouth,6A. Unrestricted,5588295.785000000149012,1744972.958000000100583,287.000000000000000,4923.000000000000000,103513.000000000000000,0.000000000000000,4.000000000000000,387552.999999999941792,2.700000000000000,284040.000000000000000,1173.000000000000000,2299323.000000000000000,"1",1193.142708819501422,1744077.631999999983236,5587507.127600000239909,1744972.958129882812500,5588295.785095214843750
"224083",44111.144743336073589,7134144000.000000000000000,"7224207",0.000000000000000,"0","224401","7",21.213203435600001,1.751606941220000,0.000000000000000,1769853.772000000113621,1769838.775200000032783,5576085.711199999786913,5576100.718200000002980,1.000126724460000,"7030326","330889",4.720294303460000,"0","0","229453","229454",21.215891667400001,21.215891667378170,"1","08",Manawatu-Wanganui Region,25322.14256030000,22220.58999180000,"414",North Cook Strait,"1365584",{1BA1FA3D-1473-4ED8-AEB3-FC460A0E9711},North Cook Strait,1421796.417902318527922,13655837189.367370605468750,"422","31.02",Foxton,Manawatu,40067.528033525304636,-34306949.705673433840275,Whanganui River,"167",Wanganui River,HRC,6. Tidal river mouth,6B. Spit enclosed,5576009.076000000350177,1769203.141000000061467,197.000000000000000,21531.000000000000000,3222410.000000000000000,0.000000000000000,2.000000000000000,18106722.000000000000000,2.600000000000000,8439492.000000000000000,7072.000000000000000,17502151.000000000000000,"1",640.237166282443695,1769838.775200000032783,5576085.711199999786913,1769203.141113281250000,5576009.076110839843750
"227737",844466.094615144422278,1991510400.000000000000000,"7227638",0.000000000000000,"0","227653","6",828.402076288999979,14.057529449500000,3.077321290970000,1779458.178499999921769,1779023.314900000113994,5565737.129700000397861,5566442.366999999620020,1.174796845360000,"7032302","203885",0.759393282375000,"0","0","232895","233108",973.204145917000119,973.204145917401206,"1","08",Manawatu-Wanganui Region,25322.14256030000,22220.58999180000,"414",North Cook Strait,"1365584",{1BA1FA3D-1473-4ED8-AEB3-FC460A0E9711},North Cook Strait,1421796.417902318527922,13655837189.367370605468750,"422","31.02",Foxton,Manawatu,40067.528033525304636,-34306949.705673433840275,Whangaehu River,"168",Whangaehu River,HRC,6. Tidal river mouth,6B. Spit enclosed,5565754.951000000350177,1779039.686000000219792,23.000000000000000,7369.000000000000000,434608.000000000000000,0.000000000000000,5.000000000000000,1978770.000000000000000,2.600000000000000,1109554.000000000000000,1981.000000000000000,4187249.000000000000000,"1",24.199560926638764,1779023.314900000113994,5565737.129700000397861,1779039.686096191406250,5565754.951110839843750
"229077",55818.541120103109279,955695808.000000000000000,"7229170",0.000000000000000,"0","229820","6",106.066017177999996,2.060826301570000,0.000000000000000,1782099.915100000100210,1782114.946099999826401,5561687.342799999751151,5561792.356200000271201,1.165879082290000,"7033108","149165",1.113097669510000,"0","0","234421","234454",123.660150770000001,123.660150769578607,"1","08",Manawatu-Wanganui Region,25322.14256030000,22220.58999180000,"414",North Cook Strait,"1365584",{1BA1FA3D-1473-4ED8-AEB3-FC460A0E9711},North Cook Strait,1421796.417902318527922,13655837189.367370605468750,"425","31.02",Foxton,Manawatu,299669.699678189179394,-928777867.036831855773926,Turakina River,"169",Turakina River,HRC,6. Tidal river mouth,6B. Spit enclosed,5560928.273000000044703,1782649.615999999921769,1308.000000000000000,7131.000000000000000,430384.999999999941792,34.000000000000000,3.000000000000000,1189344.000000000000000,2.500000000000000,903827.000000000000000,973.000000000000000,1472473.000000000000000,"1",928.471243518259143,1782114.946099999826401,5561687.342799999751151,1782649.616088867187500,5560928.273071289062500
"236556",27909.510078957628139,3929191168.000000000000000,"7236656",0.000000000000000,"0","237169","7",96.046863561500004,1.157296299930000,1.177617907520000,1789156.561800000024959,1789096.564000000013039,5536694.649100000038743,5536769.671799999661744,1.039803241680000,"7038092","251085",0.012122652459500,"0","0","241963","241991",99.869840084000003,99.869840083983547,"1","08",Manawatu-Wanganui Region,25322.14256030000,22220.58999180000,"414",North Cook Strait,"1365584",{1BA1FA3D-1473-4ED8-AEB3-FC460A0E9711},North Cook Strait,1421796.417902318527922,13655837189.367370605468750,"425","31.02",Foxton,Manawatu,299669.699678189179394,-928777867.036831855773926,Rangitikei River,"170",Rangitikei River,HRC,6. Tidal river mouth,6B. Spit enclosed,5536540.621000000275671,1789026.962000000057742,429.000000000000000,8515.000000000000000,393895.000000000058208,4.000000000000000,4.000000000000000,1690595.000000000000000,2.400000000000000,931087.000000000000000,3928.000000000000000,7749821.000000000000000,"1",169.023819585297844,1789096.564000000013039,5536694.649100000038743,1789026.962097167968750,5536540.621093750000000
"237535",555167.623893377254717,809760640.000000000000000,"8237479",774.950700679377974,"0","240552","6",991.030271989999960,13.626767158500000,6.461679935460000,1910677.856399999931455,1913072.078512664884329,5535248.185656609013677,5533056.349299999885261,1.145025423000000,"8034412","74092",0.414237852543000,"0","0","242972","242812",1134.754856389999986,1134.754856393644559,"1","06",Hawke's Bay Region,21444.16000310000,14137.21034330000,"420",Eastern North Island,"1162075",{F40186D1-3DC9-4A39-8752-4EAEA9052344},Eastern North Island,1124564.040616889018565,11620746321.316089630126953,"419","34.01",Eastern Hawkes Bay,Eastern Hawkes Bay,330595.302658380242065,-2893702741.823098659515381,Porangahau River,"171",Porangahau River,HBRC,7. Tidal lagoon,7A. Permanently open,5537425.560999999754131,1914519.844999999972060,0.000000000000000,24336.000000000000000,2264782.000000000000000,26.000000000000000,1.000000000000000,1667331.999999999767169,1.400000000000000,0.000000000000000,846.000000000000000,1430723.999999999767169,"1",2614.764210282799922,1913072.078512664884329,5535248.185656609013677,1914519.845092773437500,5537425.561096191406250
"241735",45012.997337793567567,5875984384.000000000000000,"7241843",0.000000000000000,"0","250999","7",63.639610306800002,2.207951545720000,0.000000000000000,1788048.916500000050291,1788003.914199999999255,5517191.435399999842048,5517236.446100000292063,1.000144448800000,"7042190","228583",1.987058483710000,"0","0","247165","247173",63.648802972299997,63.648802972280230,"1","08",Manawatu-Wanganui Region,25322.14256030000,22220.58999180000,"414",North Cook Strait,"1365584",{1BA1FA3D-1473-4ED8-AEB3-FC460A0E9711},North Cook Strait,1421796.417902318527922,13655837189.367370605468750,"425","31.02",Foxton,Manawatu,299669.699678189179394,-928777867.036831855773926,Manawatu River,"172",Manawatu River,HRC,6. Tidal river mouth,6B. Spit enclosed,5516768.418999999761581,1787557.317999999737367,769.000000000000000,20542.000000000000000,2131037.000000000000000,2.000000000000000,4.000000000000000,9050692.000000000000000,2.300000000000000,4869597.000000000000000,5887.000000000000000,11503469.000000000000000,"1",615.134805510965862,1788003.914199999999255,5517191.435399999842048,1787557.318115234375000,5516768.419128417037427
"246631",101803.564909512235317,589096960.000000000000000,"7246703",0.000000000000000,"0","245970","6",135.830777071999989,9.535243034360001,2.159771680830000,1889241.318600000115111,1889226.289400000125170,5499333.543300000019372,5499468.609700000844896,1.314748541430000,"7046414","74093",3.108050780600000,"0","0","252080","252108",178.583316036000014,178.583316036441460,"1","08",Manawatu-Wanganui Region,25322.14256030000,22220.58999180000,"414",North Cook Strait,"1365584",{1BA1FA3D-1473-4ED8-AEB3-FC460A0E9711},North Cook Strait,1421796.417902318527922,13655837189.367370605468750,"419","34.01",Eastern Hawkes Bay,Eastern Hawkes Bay,330595.302658380242065,-2893702741.823098659515381,Akitio River,"173",Akitio River,HRC,6. Tidal river mouth,6B. Spit enclosed,5499346.965000000782311,1889247.716999999945983,57.000000000000000,5896.000000000000000,260469.000000000000000,0.000000000000000,2.000000000000000,614967.000000000000000,1.400000000000000,354498.000000000000000,585.000000000000000,1083358.000000000000000,"1",25.284200706213728,1889226.289400000125170,5499333.543300000019372,1889247.717102050781250,5499346.965087890625000
"250193",2700.378013258433384,357640576.000000000000000,"9250277",0.000000000000000,"0","256322","6",15.000000000000000,1.506471633910000,1.270833611490000,1777339.207799999974668,1777324.206699999980628,5485762.591199999675155,5485762.591199999675155,1.000073333330000,"9000778","57837",0.899997238393000,"0","0","255697","255698",15.001099999999999,15.001099999994040,"1","09",Wellington Region,15945.34424360000,8048.66146280000,"414",North Cook Strait,"1365584",{1BA1FA3D-1473-4ED8-AEB3-FC460A0E9711},North Cook Strait,1421796.417902318527922,13655837189.367370605468750,"425","31.02",Foxton,Manawatu,299669.699678189179394,-928777867.036831855773926,Otaki River,"174",Otaki River,GWRC,6. Tidal river mouth,6C. Barrier beach enclosed,5485675.696000000461936,1777293.405999999959022,75.000000000000000,6101.000000000000000,162113.000000000000000,0.000000000000000,3.000000000000000,487150.000000000000000,2.000000000000000,325036.999999999941792,368.000000000000000,1800703.000000000000000,"1",92.192367409331936,1777324.206699999980628,5485762.591199999675155,1777293.406127929687500,5485675.696105957031250
"263399",89090.434652538504452,638232192.000000000000000,"9263462",0.000000000000000,"0","263397","6",204.022057630999996,2.365721464160000,0.729923188686000,1759155.592299999902025,1758990.586200000019744,5432963.424899999983609,5433083.397800000384450,1.052307823890000,"9013042","69418",0.459373675871000,"0","0","269052","269084",214.694007491000008,214.694007490720082,"1","09",Wellington Region,15945.34424360000,8048.66146280000,"414",North Cook Strait,"1365584",{1BA1FA3D-1473-4ED8-AEB3-FC460A0E9711},North Cook Strait,1421796.417902318527922,13655837189.367370605468750,"446","39.01",Wellington,Sounds-Wellington,201891.721317169110989,-519344724.391578078269958,Te Awa Kairangi/Hutt River,"175",Wellington Harbour,GWRC,9. Deep drowned valley,,5420523.742999999783933,1753461.647000000113621,2801.000000000000000,73285.000000000000000,85421181.000000000000000,0.000000000000000,16.000000000000000,1369490185.000000000000000,1.000000000000000,88321085.000000000000000,639.000000000000000,1862827.000000000000000,"1",13613.039735479893352,1758990.586200000019744,5432963.424899999983609,1753461.647094726562500,5420523.743103027343750
"267188",4499.686687552720286,3434089728.000000000000000,"9267243",0.000000000000000,"0","267945","7",21.213203435600001,0.554419815540000,0.000000000000000,1779041.771200000075623,1779026.768699999898672,5414855.962500000372529,5414870.958999999798834,0.999966686662000,"9016643","188817",1.497119336390000,"1","2","272983","272984",21.212496753000000,21.212496752977678,"1","09",Wellington Region,15945.34424360000,8048.66146280000,"414",North Cook Strait,"1365584",{1BA1FA3D-1473-4ED8-AEB3-FC460A0E9711},North Cook Strait,1421796.417902318527922,13655837189.367370605468750,"437","36.01",Wairarapa Plains,Wairarapa Plains,258286.815070604177890,-1315312180.472748517990112,Ruamahanga River,"176",Lake Onoke/Turanganui River,GWRC,2. Waituna-type lagoon,2A. Coastal plain depression,5414875.714999999850988,1779022.012000000104308,0.000000000000000,18814.000000000000000,6653550.000000000000000,0.000000000000000,2.000000000000000,13307100.000000000000000,0.000000000000000,0.000000000000000,3433.000000000000000,7774924.000000000000000,"1",20.317236893608840,1779026.768699999898672,5414855.962500000372529,1779022.012084960937500,5414875.715087890625000
"267356",65711.226587148019462,650657920.000000000000000,"9267400",0.000000000000000,"0","267132","6",80.777472106999994,3.967455625530000,1.262879729270000,1827552.665800000075251,1827522.640399999916553,5413643.777400000020862,5413718.774600001052022,1.082403483220000,"9016737","121678",1.917650666500000,"0","0","273147","273152",87.433817174100000,87.433817174100554,"1","09",Wellington Region,15945.34424360000,8048.66146280000,"414",North Cook Strait,"1365584",{1BA1FA3D-1473-4ED8-AEB3-FC460A0E9711},North Cook Strait,1421796.417902318527922,13655837189.367370605468750,"428","35.01",Eastern Wairarapa,Eastern Wairarapa,402398.513252937002108,-3945917588.644636154174805,Pahaoa River,"177",Pahaoa River,GWRC,6. Tidal river mouth,6C. Barrier beach enclosed,5413623.504999999888241,1827483.872999999905005,23.000000000000000,4940.000000000000000,160577.000000000000000,0.000000000000000,2.000000000000000,370772.000000000000000,1.300000000000000,210195.000000000000000,650.000000000000000,1163886.000000000000000,"1",43.747776977358427,1827522.640399999916553,5413643.777400000020862,1827483.873107910156250,5413623.505126953125000
"269351",204105.670565465639811,685785984.000000000000000,"10000491",0.000000000000000,"0","275982","6",260.990421280000021,3.040614366530000,1.522730112080000,1571383.593099999940023,1571638.474099999992177,5497858.180300000123680,5497918.141400000080466,1.071761814440000,"10000533","75365",0.333220704854000,"0","0","275364","275366",279.719567462999976,279.719567462986333,"1","16",Tasman Region,14800.25443680000,9616.22815192000,"417",South Cook Strait,"1225007",{479B38CE-D474-43FE-B5E7-85052860F2A7},South Cook Strait,2834755.738296909257770,12250066949.409322738647461,"1046","46.03",Golden Bay,North-west Nelson,265356.508811920182779,-314297986.255491554737091,Aorere River,"178",Ruataniwha Inlet,TDC,7. Tidal lagoon,7A. Permanently open,5498050.597000000067055,1573080.726000000024214,1603.000000000000000,37390.000000000000000,6614557.000000000000000,88.000000000000000,2.000000000000000,15028893.000000000000000,3.700000000000000,13502253.000000000000000,712.000000000000000,4862693.000000000000000,"1",1455.030922258484907,1571638.474099999992177,5497858.180300000123680,1573080.726074218750000,5498050.597106934525073
"277135",2249216.255696666426957,2060357376.000000000000000,"10007979",0.000000000000000,"0","307041","6",1941.045079329999908,8.661652565000002,1.237603664400000,1600021.855400000000373,1601356.388100000098348,5451857.840699999593198,5450448.398800000548363,1.060696302150000,"10006766","115666",0.219142126752000,"0","0","283815","283816",2058.859337949999826,2058.859337952316309,"1","16",Tasman Region,14800.25443680000,9616.22815192000,"417",South Cook Strait,"1225007",{479B38CE-D474-43FE-B5E7-85052860F2A7},South Cook Strait,2834755.738296909257770,12250066949.409322738647461,"450","47.01",Motueka,Nelson,64725.379261767484422,-75556544.791705176234245,Motueka River,"179",Motueka River,TDC,5. Freshwater river mouth,5B. Deltaic,5452295.503999999724329,1601922.929999999934807,308.000000000000000,5800.000000000000000,299439.000000000058208,1.000000000000000,5.000000000000000,-9999.000000000000000,3.600000000000000,1075640.000000000000000,2056.000000000000000,5491681.000000000000000,"1",715.904390861604043,1601356.388100000098348,5451857.840699999593198,1601922.930114746093750,5452295.504089355468750
"282868",1174325.252108095213771,1210945280.000000000000000,"12013819",0.000000000000000,"0","289863","6",1530.647248720000107,17.519607543900001,1.731641173360000,1526851.323400000110269,1525367.050899999914691,5432656.405000000260770,5432281.380899999290705,1.349613061180000,"12003257","85775",0.590960514717000,"0","0","290055","290056",2065.781518929999947,2065.781518929116373,"1","12",West Coast Region,36339.59156420001,23243.81176000000,"418",West Coast South Island,"1311180",{5478D1F7-9DE7-4D55-8CA7-24D2229D99EC},West Coast South Island,1279617.339320387924090,13111801767.683631896972656,"452","46.08",Karamea,North-west Nelson,161937.191786557901651,-634885190.790858626365662,Karamea River,"180",Karamea River,WCRC,7. Tidal lagoon,7A. Permanently open,5431842.492999999783933,1524387.816000000108033,726.000000000000000,33374.000000000000000,3968691.000000000000000,68.000000000000000,3.000000000000000,10378445.000000000000000,3.000000000000000,7809114.000000000000000,1307.000000000000000,8257838.000000000000000,"1",1273.323748094372377,1525367.050899999914691,5432656.405000000260770,1524387.816101074218750,5431842.493103027343750
"283213",393094.958073965797666,890243008.000000000000000,"11014353",0.000000000000000,"0","292528","6",389.422649572000012,15.995407104500000,2.145141601560000,1662641.401199999731034,1663016.308299999916926,5431327.538599999621511,5431222.583399999886751,1.074368289110000,"11010920","67262",2.036932600200000,"0","0","290189","290435",418.383345759999997,418.383345760071279,"1","18",Marlborough Region,17688.85654050000,10457.65338400000,"417",South Cook Strait,"1225007",{479B38CE-D474-43FE-B5E7-85052860F2A7},South Cook Strait,2834755.738296909257770,12250066949.409322738647461,"445","39.03",Sounds,Sounds-Wellington,833606.229624913190491,-979783476.911425232887268,Te Hoiere/Pelorus River,"181",no-match,NCC,9. Deep drowned valley,7A. Permanently open,5449688.134999999776483,1644479.138999999966472,128.000000000000000,7805.000000000000000,418739.000000000058208,76.000000000000000,3.000000000000000,1102327.000000000000000,3.500000000000000,902337.999999999883585,95.000000000000000,210495.000000000000000,"1",26090.959061437479249,1663016.308299999916926,5431327.538599999621511,1644479.139099121093750,5449688.135070800781250
"285000",1888694.382241745013744,769935680.000000119209290,"10015141",0.000000000000000,"0","297863","6",3035.213501549999819,7.384625911710000,0.000000000000000,1610607.060000000288710,1611611.869399999734014,5429260.570899999700487,5426396.616299998946488,1.120923133070000,"10011762","52449",0.139399490101000,"0","0","292312","292313",3402.241027709999798,3402.241027710095295,"1","16",Tasman Region,14800.25443680000,9616.22815192000,"417",South Cook Strait,"1225007",{479B38CE-D474-43FE-B5E7-85052860F2A7},South Cook Strait,2834755.738296909257770,12250066949.409322738647461,"465","47.01",Motueka,Nelson,102916.727555669407593,-176832260.485299766063690,Waimea River,"182",Waimea Inlet,TDC,8. Shallow drowned valley,,5429515.127000000327826,1616498.307999999960884,1873.000000000000000,95709.000000000000000,29327435.000000000000000,59.000000000000000,3.000000000000000,99818432.000000000000000,3.700000000000000,75693684.000000000000000,933.000000000000000,2092663.000000000000000,"1",4893.064690828839957,1611611.869399999734014,5429260.570899999700487,1616498.308105468750000,5429515.127075194381177
"294264",21581.856001204054337,751382208.000000000000000,"12025524",0.000000000000000,"0","302522","6",21.213203435600001,2.080909967420000,1.383382558820000,1511283.554900000104681,1511268.563899999950081,5402791.752799999900162,5402776.756400000303984,0.999580016175000,"12005825","58571",1.883308039550000,"0","0","301667","301668",21.204294233300001,21.204294233281647,"1","12",West Coast Region,36339.59156420001,23243.81176000000,"418",West Coast South Island,"1311180",{5478D1F7-9DE7-4D55-8CA7-24D2229D99EC},West Coast South Island,1279617.339320387924090,13111801767.683631896972656,"452","46.08",Karamea,North-west Nelson,161937.191786557901651,-634885190.790858626365662,Mokihinui River,"183",Mokihinui River,WCRC,6. Tidal river mouth,6B. Spit enclosed,5402862.048999999649823,1511271.402999999932945,223.000000000000000,6840.000000000000000,424052.000000000000000,14.000000000000000,4.000000000000000,1526954.000000000000000,2.900000000000000,1160869.000000000000000,751.000000000000000,4743326.000000000000000,"1",70.353584242681919,1511268.563899999950081,5402791.752799999900162,1511271.403076171875000,5402862.049072265625000
"298244",7196.748493263090495,1574464384.000000000000000,"11029508",0.000000000000000,"0","328943","6",54.083269131999998,3.970860958100000,2.810925245290000,1697129.719400000059977,1697174.713200000114739,5392948.748999999836087,5392918.761699999682605,1.061575277400000,"11021883","139415",1.646631767170000,"0","0","305685","305686",57.413461430799998,57.413461430787720,"1","18",Marlborough Region,17688.85654050000,10457.65338400000,"417",South Cook Strait,"1225007",{479B38CE-D474-43FE-B5E7-85052860F2A7},South Cook Strait,2834755.738296909257770,12250066949.409322738647461,"476","41.03",Grassmere,Wairau,63541.126552211797389,-198436945.742965459823608,Awatere River (Marlborough),"184",Awatere River,MDC,3. Hāpua-type lagoon,3B. Medium,5393551.000000000000000,1697243.760999999940395,45.000000000000000,3444.000000000000000,86740.000000000000000,0.000000000000000,2.000000000000000,187275.000000000000000,0.000000000000000,0.000000000000000,1573.000000000000000,2382576.000000000000000,"1",606.196360669817182,1697174.713200000114739,5392948.748999999836087,1697243.761108398437500,5393551.000122070312500
"304278",19784.776018580130767,6426803200.000000000000000,"12035600",0.000000000000000,"0","340185","7",21.213203435600001,1.283669352530000,1.292882204060000,1482850.131199999945238,1482865.128899999894202,5379047.232599999755621,5379032.241899999789894,0.999613360571000,"12009638","199189",0.024883448985300,"0","0","311751","311752",21.205001574699999,21.205001574732915,"1","12",West Coast Region,36339.59156420001,23243.81176000000,"418",West Coast South Island,"1311180",{5478D1F7-9DE7-4D55-8CA7-24D2229D99EC},West Coast South Island,1279617.339320387924090,13111801767.683631896972656,"477","48.02",Foulwind,North Westland,161337.022269396868069,-396639668.191308259963989,Buller River,"185",Buller River,WCRC,6. Tidal river mouth,6B. Spit enclosed,5379529.756000000052154,1482586.168999999994412,163.000000000000000,26603.000000000000000,2385952.000000000000000,11.000000000000000,2.000000000000000,8596491.000000000000000,2.900000000000000,6472755.000000000000000,6396.000000000000000,24058167.000000000000000,"1",557.357592220891206,1482865.128899999894202,5379047.232599999755621,1482586.169128417968750,5379529.756103515625000
"328625",309526.815357372688595,3300485120.000000000000000,"13059748",0.000000000000000,"1","593548","6",558.032257132000041,10.060083389300001,1.674895882610000,1676350.343899999978021,1676800.144000000087544,5330553.869300000369549,5330883.847299999557436,1.082509890240000,"13003417","0",0.860881903689000,"0","0","336243","336244",604.075437416999989,604.075437416971340,"1","13",Canterbury Region,56773.86937420000,44507.60389690000,"413",East Coast South Island,"1108122",{0F961E84-FFF0-4F16-9BBC-422F3620ED46},East Coast South Island,1345807.113818614045158,11081218286.227926254272461,"483","45.01",Kekerengu,Kaikoura,143826.814932727138512,-273141118.007487952709198,Waiau Toa / Clarence River,"186",Clarence River,MDC,5. Freshwater river mouth,5A. Unrestricted,5330572.791000000201166,1676620.868999999947846,12.000000000000000,-9999.000000000000000,-9999.000000000000000,-9999.000000000000000,-9999.000000000000000,-9999.000000000000000,-9999.000000000000000,-9999.000000000000000,3301.000000000000000,4671701.000000000000000,"1",180.270715092779540,1676800.144000000087544,5330553.869300000369549,1676620.869079589610919,5330572.791076660156250
"342713",185321.335527815215755,3926940415.999999523162842,"12073872",0.000000000000000,"0","355589","7",347.922405142000002,0.362185090780000,1.294648408890000,1451760.281999999657273,1451415.365400000009686,5299578.762099999934435,5299533.693000000901520,1.618825972100000,"12027931","137713",0.153557526260000,"0","0","350440","350441",563.225825718999999,563.225825719479303,"1","12",West Coast Region,36339.59156420001,23243.81176000000,"418",West Coast South Island,"1311180",{5478D1F7-9DE7-4D55-8CA7-24D2229D99EC},West Coast South Island,1279617.339320387924090,13111801767.683631896972656,"503","48.10",Greymouth,North Westland,75124.931248886088724,-285636541.147224962711334,Grey River/Mawheranui,"187",Grey River,WCRC,6. Tidal river mouth,6C. Barrier beach enclosed,5299865.811000000685453,1451192.678000000072643,187.000000000000000,21995.000000000000000,1076103.000000000000000,0.000000000000000,2.000000000000000,3844272.000000000000000,2.600000000000000,2768167.999999999534339,3952.000000000000000,16837116.000000000000000,"1",363.299820444304942,1451415.365400000009686,5299578.762099999934435,1451192.678100585937500,5299865.811096191406250
"348472",170938.441333656111965,1001388224.000000000000000,"12079694",0.000000000000000,"0","366207","6",633.266136785999947,13.702741622900000,1.747456789020000,1446928.224099999992177,1446313.366899999789894,5286067.538999999873340,5285917.434600000269711,1.096822531130000,"12030335","90048",1.081545669450000,"0","0","356233","356234",694.580567029999997,694.580567030397219,"1","12",West Coast Region,36339.59156420001,23243.81176000000,"418",West Coast South Island,"1311180",{5478D1F7-9DE7-4D55-8CA7-24D2229D99EC},West Coast South Island,1279617.339320387924090,13111801767.683631896972656,"503","48.10",Greymouth,North Westland,75124.931248886088724,-285636541.147224962711334,Taramakau River,"188",Taramakau River,WCRC,6. Tidal river mouth,6C. Barrier beach enclosed,5285983.416000000201166,1446096.950999999884516,457.000000000000000,15167.000000000000000,939567.000000000000000,22.000000000000000,3.000000000000000,2873440.000000000000000,2.500000000000000,2136444.000000000000000,997.000000000000000,6860502.000000000000000,"1",232.190568346223273,1446313.366899999789894,5286067.538999999873340,1446096.951110839843750,5285983.416076660156250
"349755",66550.666654329077573,503090592.000000000000000,"13081016",0.000000000000000,"0","352046","6",255.000000000000000,0.500000000000000,1.228529453280000,1638690.202800000086427,1638915.137499999953434,5282801.725599998608232,5282681.803999999538064,1.076877916930000,"13014839","60955",0.163692408942000,"0","0","357523","357524",274.603868816999977,274.603868816806198,"1","13",Canterbury Region,56773.86937420000,44507.60389690000,"413",East Coast South Island,"1108122",{0F961E84-FFF0-4F16-9BBC-422F3620ED46},East Coast South Island,1345807.113818614045158,11081218286.227926254272461,"497","52.01",Hunalee,Lowry,213611.545811556949047,-1342653218.346131801605225,Conway River,"189",Conway River,ECAN,3. Hāpua-type lagoon,3C. Small,5281731.385999999940395,1638338.591000000014901,7.000000000000000,-9999.000000000000000,-9999.000000000000000,0.000000000000000,-9999.000000000000000,0.000000000000000,0.000000000000000,0.000000000000000,503.000000000000000,712342.000000000116415,"1",1215.743537610406293,1638915.137499999953434,5282801.725599998608232,1638338.591125488281250,5281731.386108398437500
"355804",205150.500832306453958,1067443712.000000000000000,"12087048",0.000000000000000,"0","380531","6",392.587569848999976,3.207949876790000,0.445389539003000,1432646.703900000080466,1432256.741899999789894,5268178.169200000353158,5268223.084999999031425,1.221385089210000,"12033284","76702",0.403172449386000,"0","0","363544","363616",479.500604022000005,479.500604021573167,"1","12",West Coast Region,36339.59156420001,23243.81176000000,"418",West Coast South Island,"1311180",{5478D1F7-9DE7-4D55-8CA7-24D2229D99EC},West Coast South Island,1279617.339320387924090,13111801767.683631896972656,"506","50.01",Hokitika,Whataroa,153462.398240682436153,-1094257032.837642192840576,Hokitika River,"190",Hokitika River,WCRC,6. Tidal river mouth,6C. Barrier beach enclosed,5267954.747999999672174,1432371.827999999979511,297.000000000000000,-9999.000000000000000,-9999.000000000000000,-9999.000000000000000,-9999.000000000000000,-9999.000000000000000,-9999.000000000000000,-9999.000000000000000,1066.000000000000000,1509614.000000000000000,"1",251.320161498386824,1432256.741899999789894,5268178.169200000353158,1432371.828125000000000,5267954.748107910156250
"357718",29677.056479251641576,3330812416.000000476837158,"13088999",0.000000000000000,"0","360659","7",62.936475910200002,2.341366291050000,0.000000000000000,1630770.523000000044703,1630815.499499999918044,5264015.005099999718368,5264059.993800000287592,1.010781151250000,"13020018","178313",2.130539029690000,"0","0","365509","365523",63.615003575999999,63.615003576041907,"1","13",Canterbury Region,56773.86937420000,44507.60389690000,"413",East Coast South Island,"1108122",{0F961E84-FFF0-4F16-9BBC-422F3620ED46},East Coast South Island,1345807.113818614045158,11081218286.227926254272461,"509","52.05",Cheviot,Lowry,113255.635464593025972,-521316554.032854020595551,Waiau Uwha River,"191",Waiau River (ECAN),ECAN,3. Hāpua-type lagoon,3B. Medium,5264678.946999999694526,1631115.348999999929219,34.000000000000000,11935.000000000000000,480899.000000000058208,0.000000000000000,1.000000000000000,480899.000000000058208,0.000000000000000,0.000000000000000,3325.000000000000000,7118881.000000000000000,"1",728.511325527924896,1630815.499499999918044,5264015.005099999718368,1631115.349121093750000,5264678.947082519531250
"364282",176260.044227377948118,2668640768.000000000000000,"13095559",0.000000000000000,"0","368010","7",375.299880095999981,15.234476089499999,2.529306650160000,1622851.711899999994785,1623226.564800000051036,5249021.849499999545515,5249006.899699999950826,1.048450559700000,"13024355","153901",1.938916014570000,"0","0","372112","372113",393.483369342999993,393.483369343352365,"1","13",Canterbury Region,56773.86937420000,44507.60389690000,"413",East Coast South Island,"1108122",{0F961E84-FFF0-4F16-9BBC-422F3620ED46},East Coast South Island,1345807.113818614045158,11081218286.227926254272461,"509","52.05",Cheviot,Lowry,113255.635464593025972,-521316554.032854020595551,Hurunui River,"192",Hurunui River,ECAN,3. Hāpua-type lagoon,3B. Medium,5249749.930999999865890,1623841.196999999927357,120.000000000000000,6399.000000000000000,178552.000000000000000,0.000000000000000,2.000000000000000,267828.000000000000000,0.000000000000000,0.000000000000000,2678.000000000000000,5031291.000000000000000,"1",952.825086948397939,1623226.564800000051036,5249021.849499999545515,1623841.197082519531250,5249749.931091308593750
"376293",39610.216913881959044,594436864.000000000000000,"12107597",0.000000000000000,"0","394751","6",21.213203435600001,1.591019153590000,1.179487824440000,1376688.089799999957904,1376673.090599999995902,5222619.084499999880791,5222604.079900000244379,1.000126682870000,"12039832","65257",1.111386098340000,"0","0","384233","384234",21.215890784999999,21.215890785020513,"1","12",West Coast Region,36339.59156420001,23243.81176000000,"418",West Coast South Island,"1311180",{5478D1F7-9DE7-4D55-8CA7-24D2229D99EC},West Coast South Island,1279617.339320387924090,13111801767.683631896972656,"520","50.03",Harihari,Whataroa,215744.296874542662408,-930717759.361467719078064,Whataroa River,"193",Whataroa River,WCRC,6. Tidal river mouth,6C. Barrier beach enclosed,5222524.557000000029802,1376733.499000000068918,37.000000000000000,-9999.000000000000000,-9999.000000000000000,-9999.000000000000000,-9999.000000000000000,-9999.000000000000000,-9999.000000000000000,-9999.000000000000000,-9999.000000000000000,839585.000000000000000,"1",112.181143166561782,1376673.090599999995902,5222619.084499999880791,1376733.499084472656250,5222524.557128906250000
"376506",27878.906563148262649,725206079.999999880790710,"13107800",0.000000000000000,"0","376134","6",109.201648339000002,2.461171865460000,1.683045268060000,1583504.784999999916181,1583609.746800000080839,5222200.720300000160933,5222170.737099999561906,1.074910108860000,"13033329","80313",0.408259692414000,"49007","2","384452","384453",117.381955704999996,117.381955704514382,"1","13",Canterbury Region,56773.86937420000,44507.60389690000,"413",East Coast South Island,"1108122",{0F961E84-FFF0-4F16-9BBC-422F3620ED46},East Coast South Island,1345807.113818614045158,11081218286.227926254272461,"526","56.02",Low Plains,Canterbury Plains,490931.608240127097815,-6170979530.094689369201660,Waipara River,"194",Waipara River,ECAN,3. Hāpua-type lagoon,3C. Small,5222092.600999999791384,1583549.022000000113621,0.000000000000000,5386.000000000000000,114676.000000000000000,0.000000000000000,2.000000000000000,172014.000000000000000,0.000000000000000,0.000000000000000,729.000000000000000,839902.000000000116415,"1",124.005067695346142,1583609.746800000080839,5222200.720300000160933,1583549.022094726562500,5222092.601074219681323
"395457",112587.065703769490938,409426272.000000000000000,"12126554",0.000000000000000,"0","409523","6",489.744831519000002,2.844790935520000,1.457584261890000,1336592.091699999989942,1336216.918800000101328,5179623.684799999929965,5179938.773799998685718,1.057906602180000,"12045489","46894",0.162290438724000,"0","0","403278","403526",518.104290647999960,518.104290648222445,"1","12",West Coast Region,36339.59156420001,23243.81176000000,"418",West Coast South Island,"1311180",{5478D1F7-9DE7-4D55-8CA7-24D2229D99EC},West Coast South Island,1279617.339320387924090,13111801767.683631896972656,"538","50.07",Karangarua,Whataroa,110198.543945011086180,-311058568.908679604530334,Karangarua River,"195",Karangarua River,WCRC,3. Hāpua-type lagoon,3D. Intermittent,5179878.120000001043081,1336746.288000000175089,27.000000000000000,-9999.000000000000000,-9999.000000000000000,0.000000000000000,-9999.000000000000000,0.000000000000000,0.000000000000000,0.000000000000000,408.000000000000000,577747.000000000000000,"1",587.340762697610444,1336216.918800000101328,5179623.684799999929965,1336746.288085937500000,5179878.120117187500000
"403957",674837.630655113141984,358280768.000000000000000,"12134860",0.000000000000000,"0","416133","6",826.000000000000000,20.036186218299999,5.370660305020000,1312369.556199999991804,1312369.600899999961257,5162787.576700000092387,5161962.126000000163913,1.059544033760000,"12047362","43916",1.017172834960000,"0","0","412159","412160",875.183371886000032,875.183371885692850,"1","12",West Coast Region,36339.59156420001,23243.81176000000,"418",West Coast South Island,"1311180",{5478D1F7-9DE7-4D55-8CA7-24D2229D99EC},West Coast South Island,1279617.339320387924090,13111801767.683631896972656,"545","51.01",Paringa,Aspiring,86881.668520924460609,-321485858.667093336582184,Paringa River,"196",Paringa River,WCRC,5. Freshwater river mouth,5C. Barrier beach enclosed,5163269.570000000298023,1312026.274999999906868,136.000000000000000,12256.000000000000000,448264.999999999941792,6.000000000000000,3.000000000000000,-9999.000000000000000,2.200000000000000,972465.000000000000000,364.000000000000000,3679060.000000000000000,"1",591.768773184546035,1312369.600899999961257,5162787.576700000092387,1312026.275085449218750,5163269.570129394531250
"416812",27943.584510236763890,1356296576.000000000000000,"12148148",0.000000000000000,"0","430328","6",63.639610306800002,1.842958211900000,1.416670680050000,1280998.271599999861792,1280953.236100000096485,5138562.374599998816848,5138517.339900000020862,1.000780000030000,"12050808","112768",0.383788017486000,"0","0","425231","425232",63.689249204699998,63.689249204652718,"1","12",West Coast Region,36339.59156420001,23243.81176000000,"418",West Coast South Island,"1311180",{5478D1F7-9DE7-4D55-8CA7-24D2229D99EC},West Coast South Island,1279617.339320387924090,13111801767.683631896972656,"551","51.04",Haast,Aspiring,132677.403446427371819,-330853094.063196957111359,Haast River,"197",Haast River,WCRC,5. Freshwater river mouth,5C. Barrier beach enclosed,5138469.300999999977648,1281378.431000000098720,48.000000000000000,-9999.000000000000000,-9999.000000000000000,-9999.000000000000000,-9999.000000000000000,-9999.000000000000000,-9999.000000000000000,-9999.000000000000000,1355.000000000000000,1917863.000000000000000,"1",435.262517985023749,1280953.236100000096485,5138562.374599998816848,1281378.431091308593750,5138469.301086425781250
"420565",164985.965711564494995,469704384.000000000000000,"12151763",0.000000000000000,"0","432637","6",604.757802760999880,1.560789108280000,1.338849782940000,1270369.694900000235066,1269874.276800000108778,5130215.259800000116229,5130560.575899999588728,1.076289613950000,"12051931","50524",0.021026914523300,"0","0","428834","429021",650.894542064999882,650.894542064865846,"1","12",West Coast Region,36339.59156420001,23243.81176000000,"418",West Coast South Island,"1311180",{5478D1F7-9DE7-4D55-8CA7-24D2229D99EC},West Coast South Island,1279617.339320387924090,13111801767.683631896972656,"551","51.04",Haast,Aspiring,132677.403446427371819,-330853094.063196957111359,Okuru River,"198",Okuru River,WCRC,6. Tidal river mouth,6B. Spit enclosed,5130072.072999999858439,1269777.664000000106171,146.000000000000000,30458.000000000000000,1679548.000000000232831,25.000000000000000,3.000000000000000,4386557.000000000000000,2.100000000000000,3128239.000000000000000,514.000000000000000,5265610.999999999068677,"1",172.732262619401524,1269874.276800000108778,5130215.259800000116229,1269777.664123535156250,5130072.073120118118823
"424207",729521.337254866492003,1596620672.000000000000000,"13155682",0.000000000000000,"0","423991","6",638.937399124999956,15.495271682700000,0.000000000000000,1503919.859299999894574,1504414.834500000113621,5121532.515899999998510,5121937.282599999569356,1.240879023050000,"13061436","127827",1.389244073820000,"0","0","432685","432686",792.844015618999947,792.844015618759954,"1","13",Canterbury Region,56773.86937420000,44507.60389690000,"413",East Coast South Island,"1108122",{0F961E84-FFF0-4F16-9BBC-422F3620ED46},East Coast South Island,1345807.113818614045158,11081218286.227926254272461,"526","56.02",Low Plains,Canterbury Plains,490931.608240127097815,-6170979530.094689369201660,Ashburton River/Hakatere,"199",Ashburton River,ECAN,3. Hāpua-type lagoon,3B. Medium,5121583.540000000037253,1504508.195000000298023,1.000000000000000,2015.000000000000000,42258.000000000000000,0.000000000000000,2.000000000000000,63387.000000000000000,0.000000000000000,0.000000000000000,1655.000000000000000,3103659.000000000000000,"1",106.393966541940770,1504414.834500000113621,5121532.515899999998510,1504508.195129394531250,5121583.540100098587573
"424267",7213.545398255212604,530762464.000000000000000,"12155562",0.000000000000000,"0","447763","6",48.383881613600003,2.095691442490000,1.689691424370000,1262052.621000000042841,1262067.631999999983236,5122107.532899999991059,5122062.489599999971688,1.316543862790000,"12053040","67238",0.480770643106000,"0","0","432768","432769",63.699502396299998,63.699502396288423,"1","12",West Coast Region,36339.59156420001,23243.81176000000,"418",West Coast South Island,"1311180",{5478D1F7-9DE7-4D55-8CA7-24D2229D99EC},West Coast South Island,1279617.339320387924090,13111801767.683631896972656,"551","51.04",Haast,Aspiring,132677.403446427371819,-330853094.063196957111359,Waiatoto River,"200",Waiatoto River,WCRC,6. Tidal river mouth,6B. Spit enclosed,5122476.798000000417233,1262443.495000000111759,145.000000000000000,24314.000000000000000,1379781.000000000000000,12.000000000000000,3.000000000000000,3946666.000000000000000,2.100000000000000,2732735.000000000000000,536.000000000000000,6326373.000000000000000,"1",526.905938113806769,1262067.631999999983236,5122107.532899999991059,1262443.495117187500000,5122476.798095703125000
"425478",25250.677554058071109,933253824.000000000000000,"12156721",0.000000000000000,"0","455799","6",105.000000000000000,1.572405099870000,0.390696227551000,1253224.203699999954551,1253224.197099999990314,5119734.648999999277294,5119629.543399999849498,1.001005716260000,"12053421","81170",0.644800922067000,"0","0","433996","433997",105.105600207999998,105.105600207579258,"1","12",West Coast Region,36339.59156420001,23243.81176000000,"418",West Coast South Island,"1311180",{5478D1F7-9DE7-4D55-8CA7-24D2229D99EC},West Coast South Island,1279617.339320387924090,13111801767.683631896972656,"551","51.04",Haast,Aspiring,132677.403446427371819,-330853094.063196957111359,Arawhata River,"201",Arawata River,WCRC,5. Freshwater river mouth,5C. Barrier beach enclosed,5119579.297000000253320,1253197.394000000087544,88.000000000000000,-9999.000000000000000,-9999.000000000000000,-9999.000000000000000,-9999.000000000000000,-9999.000000000000000,-9999.000000000000000,-9999.000000000000000,930.000000000000000,1316732.000000000232831,"1",157.647097913938751,1253224.197099999990314,5119734.648999999277294,1253197.394104003906250,5119579.297119140625000
"432343",41384.616000228168559,1810245888.000000000000000,"13163668",0.000000000000000,"0","431940","6",76.485292703900001,2.042974948880000,1.766308903690000,1480859.652999999932945,1480934.644099999917671,5106199.032100000418723,5106214.004300000146031,1.061617799700000,"13063688","145231",0.207252044082000,"0","0","440878","440879",81.198148149999994,81.198148150015243,"1","13",Canterbury Region,56773.86937420000,44507.60389690000,"413",East Coast South Island,"1108122",{0F961E84-FFF0-4F16-9BBC-422F3620ED46},East Coast South Island,1345807.113818614045158,11081218286.227926254272461,"526","56.02",Low Plains,Canterbury Plains,490931.608240127097815,-6170979530.094689369201660,Rangitata River,"202",Rangitata River,ECAN,3. Hāpua-type lagoon,3B. Medium,5106863.952999999746680,1481787.318999999901280,73.000000000000000,3086.000000000000000,79040.000000000000000,0.000000000000000,2.000000000000000,118560.000000000000000,0.000000000000000,0.000000000000000,1715.000000000000000,5567508.000000000000000,"1",1081.283779182151193,1480934.644099999917671,5106199.032100000418723,1481787.319091796875000,5106863.953125000000000
"435660",93570.500626180844847,715338368.000000000000000,"13166978",0.000000000000000,"0","435238","6",106.066017177999996,2.309972286220000,1.630431652070000,1472823.192300000227988,1472898.207799999974668,5099927.310700000263751,5100002.271599999628961,0.999842732919000,"13064483","94958",0.367076021139000,"0","0","444166","444194",106.049336484999998,106.049336485085206,"1","13",Canterbury Region,56773.86937420000,44507.60389690000,"413",East Coast South Island,"1108122",{0F961E84-FFF0-4F16-9BBC-422F3620ED46},East Coast South Island,1345807.113818614045158,11081218286.227926254272461,"526","56.02",Low Plains,Canterbury Plains,490931.608240127097815,-6170979530.094689369201660,Orari River,"203",no-match,ECAN,5. Freshwater river mouth,3C. Small,5095835.847000000067055,1468750.242000000085682,58.000000000000000,5868.000000000000000,160448.000000000000000,0.000000000000000,2.000000000000000,240672.000000000000000,0.000000000000000,0.000000000000000,2373.000000000000000,3003662.000000000000000,"1",5826.293295244908222,1472898.207799999974668,5099927.310700000263751,1468750.242126464843750,5095835.847106933593750
"448038",503695.278525303117931,1129774464.000000000000000,"15178863",5257.970903005848413,"1","480246","6",682.097500362000005,5.170389652250000,7.136574745180000,1201626.395599999930710,1201716.699000000022352,5077749.701399999670684,5078425.684500000439584,1.045804181870000,"15000555","0",0.165157966082000,"0","0","456679","456680",713.340418322999881,713.340418323423364,"1","15",Southland Region,55238.06039180000,31194.94615960000,"419",Fiordland,"1024660",{54DD06BD-32EF-4F82-AB23-AF3C5EA17F41},Fiordland,2340525.543295336421579,10246596908.780487060546875,"570","72.01",Darran,Fiord,245586.815830012987135,-1808933148.266334772109985,Hollyford River/Whakatipu Kā Tuka,"204",Hollyford River,ES,6. Tidal river mouth,6B. Spit enclosed,5078642.152999999932945,1201486.352999999886379,173.000000000000000,19905.000000000000000,1592029.000000000000000,2.000000000000000,3.000000000000000,4667024.000000000000000,2.000000000000000,3103811.000000000000000,1109.000000000000000,12025913.000000000000000,"1",921.699101281508320,1201716.699000000022352,5077749.701399999670684,1201486.353088378906250,5078642.153076171875000
"451989",439102.405042730912101,538619648.000000000000000,"13183136",0.000000000000000,"0","454703","6",495.227220577000026,5.771703243260000,1.670960545540000,1457597.730599999893457,1457882.902199999894947,5070614.787700000219047,5071019.599200000055134,1.091547592090000,"13066928","60608",0.474428613467000,"0","0","460417","460611",540.564080160000003,540.564080159623927,"1","13",Canterbury Region,56773.86937420000,44507.60389690000,"412",Southern South Island,"2096441",{6EAC30B6-3803-4153-A00C-23192C1D31BD},Southern South Island,2604408.466082237660885,20964413635.013725280761719,"566","62.01",Makikihi,Wainono,142659.949625445384299,-497262148.959255456924438,Pareora River,"205",Pareora River,ECAN,3. Hāpua-type lagoon,3C. Small,5070724.652999999932945,1457879.850000000325963,3.000000000000000,-9999.000000000000000,-9999.000000000000000,0.000000000000000,-9999.000000000000000,0.000000000000000,0.000000000000000,0.000000000000000,539.000000000000000,763272.000000000000000,"1",109.907762282995975,1457882.902199999894947,5070614.787700000219047,1457879.850097656250000,5070724.653076171875000
"481651",19794.379132871599722,11918077952.000000000000000,"13212900",0.000000000000000,"0","491219","8",54.083269131999998,2.109335660930000,1.284538388250000,1453459.103899999987334,1453504.120099999941885,5021583.203200001269579,5021613.165000000968575,1.061663671070000,"13524507","257883",0.834344612272000,"0","0","490492","490505",57.350453534099998,57.350453534137671,"1","14",Otago Region,38514.28971780000,31208.62756660000,"412",Southern South Island,"2096441",{6EAC30B6-3803-4153-A00C-23192C1D31BD},Southern South Island,2604408.466082237660885,20964413635.013725280761719,"582","62.02",Glenavy,Wainono,107014.960709078033688,-513856271.288367986679077,Waitaki River,"206",Waitaki River,ECAN,3. Hāpua-type lagoon,3A. Large,5021965.768000000156462,1453712.652000000001863,127.000000000000000,9584.000000000000000,585709.000000000000000,0.000000000000000,2.000000000000000,1171417.000000000000000,0.000000000000000,0.000000000000000,11947.000000000000000,24903965.000000000000000,"1",435.708065760074760,1453504.120099999941885,5021583.203200001269579,1453712.652099609375000,5021965.768127441406250
"498751",256461.363940835231915,896707968.000000000000000,"14229963",0.000000000000000,"0","500922","6",477.604438840000000,19.034494400000000,2.416024923320000,1434674.088800000259653,1434989.400499999988824,4993970.652300000190735,4994330.331299999728799,1.082064053510000,"14034067","83536",1.992830119850000,"0","0","507602","507804",516.798595063999983,516.798595064099118,"1","14",Otago Region,38514.28971780000,31208.62756660000,"412",Southern South Island,"2096441",{6EAC30B6-3803-4153-A00C-23192C1D31BD},Southern South Island,2604408.466082237660885,20964413635.013725280761719,"589","62.03",Oamaru,Wainono,108210.083679141942412,-448219007.883469581604004,Kakanui River,"207",Kakanui River,ORC,6. Tidal river mouth,6B. Spit enclosed,4993906.906000000424683,1434967.732000000076368,54.000000000000000,5743.000000000000000,190707.000000000000000,0.000000000000000,3.000000000000000,499116.999999999941792,1.600000000000000,308411.000000000058208,887.000000000000000,1008766.000000000116415,"1",67.328250300385037,1434989.400499999988824,4993970.652300000190735,1434967.732116699218750,4993906.906127929687500
"563779",415893.615261189814191,5706312704.000000000000000,"14295077",0.000000000000000,"0","564694","6",314.930150986000001,13.923742294300000,1.527016997340000,1383229.815399999963120,1383515.073700000066310,4896057.871799999848008,4896192.407700000330806,1.138450742900000,"14065999","285692",2.254194389190000,"0","0","573963","574041",358.532464351999977,358.532464351546651,"1","14",Otago Region,38514.28971780000,31208.62756660000,"412",Southern South Island,"2096441",{6EAC30B6-3803-4153-A00C-23192C1D31BD},Southern South Island,2604408.466082237660885,20964413635.013725280761719,"614","69.03",Tokomairiro,Otago Coast,211960.598788907664130,-1625749305.864377737045288,Taiari River,"208",Taieri River,ORC,6. Tidal river mouth,6B. Spit enclosed,4896177.348000000230968,1383636.514999999897555,502.000000000000000,16620.000000000000000,1559802.000000000000000,10.000000000000000,3.000000000000000,3915461.000000000000000,1.700000000000000,2511015.000000000000000,5703.000000000000000,6056860.000000000000000,"1",170.360177406525764,1383515.073700000066310,4896057.871799999848008,1383636.515075683593750,4896177.348083496093750
"574249",127842.256929029419553,396168864.000000000000000,"14305529",0.000000000000000,"0","573635","6",213.190056053000006,7.382341384890000,2.286403417590000,1372101.185299999779090,1372266.461600000038743,4877375.449199999682605,4877510.166299999691546,1.118868524600000,"14069546","54238",1.369295823140000,"0","0","584653","584725",238.531643475000010,238.531643474844316,"1","14",Otago Region,38514.28971780000,31208.62756660000,"412",Southern South Island,"2096441",{6EAC30B6-3803-4153-A00C-23192C1D31BD},Southern South Island,2604408.466082237660885,20964413635.013725280761719,"614","69.03",Tokomairiro,Otago Coast,211960.598788907664130,-1625749305.864377737045288,Tokomairaro River,"209",Tokomairiro River,ORC,7. Tidal lagoon,7A. Permanently open,4877338.927000000141561,1372326.331000000005588,165.000000000000000,11684.000000000000000,600104.000000000000000,51.000000000000000,2.000000000000000,1058980.000000000000000,1.700000000000000,765229.000000000000000,395.000000000000000,447528.999999999941792,"1",70.130028849811296,1372266.461600000038743,4877375.449199999682605,1372326.331115722656250,4877338.927124023437500
"577585",28903.638898063567467,8248573951.999999046325684,"15308908",0.000000000000000,"0","578315","7",136.824705372000011,2.028354883190000,1.756640791890000,1183984.699699999997392,1183849.425800000084564,4870453.695899999700487,4870438.952600000426173,1.124912986890000,"15054970","236640",0.113781028983000,"0","0","588111","588112",153.915887999000006,153.915887999320262,"1","15",Southland Region,55238.06039180000,31194.94615960000,"412",Southern South Island,"2096441",{6EAC30B6-3803-4153-A00C-23192C1D31BD},Southern South Island,2604408.466082237660885,20964413635.013725280761719,"617","77.02",Tuatapere,Te Wae Wae,127773.971405881864484,-926925608.636836290359497,Waiau River,"210",Waiau River (ES),ES,3. Hāpua-type lagoon,3B. Medium,4871024.440000000409782,1182709.575999999884516,233.000000000000000,17538.000000000000000,758127.000000000000000,0.000000000000000,1.000000000000000,758127.000000000000000,0.000000000000000,0.000000000000000,8258.000000000000000,36764655.000000000000000,"1",1274.757343062797418,1183849.425800000084564,4870453.695899999700487,1182709.576110839843750,4871024.440124511718750
"581730",891081.519056124379858,712264704.000000000000000,"15312594",0.000000000000000,"0","581040","6",1249.301004559999910,18.828777313200000,0.583785295486000,1154335.926500000059605,1154278.550100000109524,4860530.986100000329316,4861778.696800000034273,1.118230874540000,"15057579","83771",0.836697561750000,"0","0","591954","592363",1397.006954890000088,1397.006954891541227,"1","15",Southland Region,55238.06039180000,31194.94615960000,"419",Fiordland,"1024660",{54DD06BD-32EF-4F82-AB23-AF3C5EA17F41},Fiordland,2340525.543295336421579,10246596908.780487060546875,"619","77.01",Waitutu,Te Wae Wae,135588.598326159524731,-591132655.586796522140503,Wairaurahiri River,"211",no-match,ES,5. Freshwater river mouth,,4863702.860999999567866,1131489.041999999899417,442.000000000000000,26014.000000000000000,5491384.000000000000000,0.000000000000000,7.000000000000000,38038249.000000000000000,2.000000000000000,10688413.000000000000000,147.000000000000000,910390.000000000116415,"1",23009.182192034462787,1154278.550100000109524,4860530.986100000329316,1131489.042114257812500,4863702.861083984375000
"583769",222959.332541886076797,1568347392.000000238418579,"15314982",0.000000000000000,"0","583862","6",489.241249283000002,9.757464408870000,1.694257736210000,1216683.197399999946356,1217149.219800000078976,4854133.866799999959767,4854283.051500000059605,1.079044515670000,"15059182","133620",0.944209130452000,"0","0","594368","594425",527.913086875999966,527.913086876043508,"1","15",Southland Region,55238.06039180000,31194.94615960000,"412",Southern South Island,"2096441",{6EAC30B6-3803-4153-A00C-23192C1D31BD},Southern South Island,2604408.466082237660885,20964413635.013725280761719,"618","77.03",Longwood,Te Wae Wae,172754.828751324064797,-828992173.640069603919983,Aparima River,"212",Jacobs River (Riverton) Estuary,ES,7. Tidal lagoon,7A. Permanently open,4854024.697999999858439,1217099.922999999951571,202.000000000000000,31928.000000000000000,6697056.000000000000000,66.000000000000000,2.000000000000000,14697352.000000000000000,2.300000000000000,10151391.000000000000000,1570.000000000000000,2436035.000000000000000,"1",119.782994293382615,1217149.219800000078976,4854133.866799999959767,1217099.923095702892169,4854024.698120117187500
"586603",4511.540889137331760,3533396992.000000000000000,"15317836",0.000000000000000,"0","586423","8",21.213203435600001,2.652840852740000,1.369103431700000,1237916.746400000061840,1237931.730900000082329,4843621.426299999468029,4843606.372499999590218,1.001279331350000,"15060885","209483",3.463087113090000,"0","0","597305","597306",21.240342151699998,21.240342151715748,"1","15",Southland Region,55238.06039180000,31194.94615960000,"412",Southern South Island,"2096441",{6EAC30B6-3803-4153-A00C-23192C1D31BD},Southern South Island,2604408.466082237660885,20964413635.013725280761719,"620","78.01",Southland Plains,Makarewa,250696.259822966414504,-2671124280.184489250183105,Oreti River,"213",New River (Oreti) Estuary,ES,8. Shallow drowned valley,,4838936.989000000059605,1237255.524999999674037,1141.000000000000000,137604.000000000000000,39823925.000000000000000,42.000000000000000,2.000000000000000,60268976.999999992549419,2.200000000000000,69607863.000000000000000,3948.000000000000000,6536643.000000000000000,"1",4732.991276279505655,1237931.730900000082329,4843621.426299999468029,1237255.525085449218750,4838936.989074707031250
"588545",335420.818667381245177,207174688.000000000000000,"15319477",1140.617616624986795,"0","588236","6",826.065372715999956,8.385432243349999,0.000000000000000,1276407.742199999978766,1276162.715858754934743,4834767.730968053452671,4835647.074900000356138,1.132029583200000,"15062103","34142",0.052367037946900,"0","0","599325","599372",1678.832132289999890,1678.832132294975963,"1","15",Southland Region,55238.06039180000,31194.94615960000,"412",Southern South Island,"2096441",{6EAC30B6-3803-4153-A00C-23192C1D31BD},Southern South Island,2604408.466082237660885,20964413635.013725280761719,"627","78.02",Waituna,Makarewa,217672.220896388316760,-494706612.866169571876526,Titiroa Stream,"214",Toetoes Harbour,ES,7. Tidal lagoon,7A. Permanently open,4832677.694000000134110,1278015.718000000342727,61.000000000000000,56275.000000000000000,4745903.000000000000000,31.000000000000000,3.000000000000000,11871604.000000000000000,2.100000000000000,8589338.000000000000000,5639.000000000000000,9235000.000000000000000,"1",2793.183017797493449,1276162.715858754934743,4834767.730968053452671,1278015.718078613281250,4832677.694091796875000
"588751",37871.643735027275397,5388051456.000000000000000,"15319805",0.000000000000000,"0","588516","7",54.083269131999998,2.564334869380000,1.710534214970000,1273739.139699999941513,1273769.274399999994785,4833944.275299999862909,4833989.246799999848008,1.062818868640000,"15062291","240728",0.904441040787000,"0","0","599557","599563",57.480718911399997,57.480718911361109,"1","15",Southland Region,55238.06039180000,31194.94615960000,"412",Southern South Island,"2096441",{6EAC30B6-3803-4153-A00C-23192C1D31BD},Southern South Island,2604408.466082237660885,20964413635.013725280761719,"627","78.02",Waituna,Makarewa,217672.220896388316760,-494706612.866169571876526,Mataura River,"215",Toetoes Harbour,ES,7. Tidal lagoon,7A. Permanently open,4832677.694000000134110,1278015.718000000342727,61.000000000000000,56275.000000000000000,4745903.000000000000000,31.000000000000000,3.000000000000000,11871604.000000000000000,2.100000000000000,8589338.000000000000000,5639.000000000000000,9235000.000000000000000,"1",4431.310401293017094,1273769.274399999994785,4833944.275299999862909,1278015.718078613281250,4832677.694091796875000
"590828",555996.319721270585433,321571296.000000000000000,"15001299",0.000000000000000,"0","590889","6",575.618797469000015,16.247007369999999,0.608937323093000,1216253.753599999938160,1216809.968200000002980,4793714.867200000211596,4793863.533200000412762,1.160137048520000,"15062927","33215",1.556195523910000,"0","0","601812","601818",667.796692766999968,667.796692767253376,"1","15",Southland Region,55238.06039180000,31194.94615960000,"412",Southern South Island,"2096441",{6EAC30B6-3803-4153-A00C-23192C1D31BD},Southern South Island,2604408.466082237660885,20964413635.013725280761719,"630","79.03",Freshwater,Rakiura,71215.116395879565971,-157359775.334494084119797,Freshwater River,"216",Port William,ES,8. Shallow drowned valley,,4800361.902999999932945,1226071.527000000001863,1401.000000000000000,7416.000000000000000,2025798.000000000000000,5.000000000000000,7.000000000000000,14611959.000000000000000,1.900000000000000,3674593.000000000000000,21.000000000000000,32709.000000000000000,"1",11399.980666213727091,1216809.968200000002980,4793714.867200000211596,1226071.527099609375000,4800361.903076172806323
"593473",17605.035176352739654,21110665216.000000000000000,"14330003",,"0","583069","8",0.000000000000000,0.000000000000000,0.000000000000000,0.000000000000000,1355561.781499999575317,4863428.106800000183284,0.000000000000000,0.000000000000000,"0","0",0.000000000000000,"0","0","604795","604796",199.195001960000013,199.195001960344825,"1","14",Otago Region,38514.28971780000,31208.62756660000,"412",Southern South Island,"2096441",{6EAC30B6-3803-4153-A00C-23192C1D31BD},Southern South Island,2604408.466082237660885,20964413635.013725280761719,"614","69.03",Tokomairiro,Otago Coast,211960.598788907664130,-1625749305.864377737045288,Clutha River,"217",Clutha River,ORC,6. Tidal river mouth,6B. Spit enclosed,4864349.615000000223517,1356653.635999999940395,616.000000000000000,115002.000000000000000,6201797.000000000000000,5.000000000000000,3.000000000000000,16401711.000000001862645,1.700000000000000,10535431.000000000000000,21062.000000000000000,39999326.000000000000000,"1",1428.749122669241842,1355561.781499999575317,4863428.106800000183284,1356653.636108398437500,4864349.615112303756177
"593489",35548.870316989487037,2600181504.000000000000000,"13300016",,"0","413955","6",0.000000000000000,0.500000000000000,0.000000000000000,0.000000000000000,1549837.419800000265241,5143821.574300000444055,0.000000000000000,0.000000000000000,"0","0",0.000000000000000,"0","0","422503","604802",209.154028283999992,209.154028284237057,"1","13",Canterbury Region,56773.86937420000,44507.60389690000,"413",East Coast South Island,"1108122",{0F961E84-FFF0-4F16-9BBC-422F3620ED46},East Coast South Island,1345807.113818614045158,11081218286.227926254272461,"549","56.03",Ellesmere,Canterbury Plains,72986.129513421634329,-281584242.101643383502960,Te Waihora/Lake Ellesmere,"218",Lake Ellesmere (Waihora),ECAN,2. Waituna-type lagoon,2A. Coastal plain depression,5143801.452999999746680,1549788.574000000022352,4.000000000000000,151904.000000000000000,198162341.000000000000000,0.000000000000000,1.000000000000000,179138756.000000000000000,0.000000000000000,0.000000000000000,2635.000000000000000,2973178.000000000000000,"1",52.827686077287105,1549837.419800000265241,5143821.574300000444055,1549788.574096679687500,5143801.453125000000000
"593500",1960.952241287659945,3592428287.999999523162842,"13300038",0.000000000000000,"0","593513","7",0.000000000000000,0.000000000000000,0.000000000000000,0.000000000000000,1576613.046000000089407,5195728.377600000239909,0.000000000000000,0.000000000000000,"0","0",0.000000000000000,"0","0","604804","604806",59.305600410899999,59.305600410894193,"1","13",Canterbury Region,56773.86937420000,44507.60389690000,"413",East Coast South Island,"1108122",{0F961E84-FFF0-4F16-9BBC-422F3620ED46},East Coast South Island,1345807.113818614045158,11081218286.227926254272461,"526","56.02",Low Plains,Canterbury Plains,490931.608240127097815,-6170979530.094689369201660,Waimakariri River,"219",Waimakariri River,ECAN,6. Tidal river mouth,6B. Spit enclosed,5195785.950000000186265,1576658.931000000098720,518.000000000000000,26427.000000000000000,2725134.000000000000000,45.000000000000000,1.000000000000000,6746439.000000000000000,1.800000000000000,3733531.000000000000000,3546.000000000000000,7991022.000000000000000,"1",73.620861714493344,1576613.046000000089407,5195728.377600000239909,1576658.931091308593750,5195785.950073242187500
"593507",20113.440375717844290,1294927744.000000000000000,"13300023",,"0","384149","7",0.000000000000000,0.000000000000000,0.000000000000000,0.000000000000000,1577724.765499999746680,5208400.268600000068545,0.000000000000000,0.000000000000000,"0","0",0.000000000000000,"0","0","604810","604811",223.980001181999995,223.980001182121725,"1","13",Canterbury Region,56773.86937420000,44507.60389690000,"413",East Coast South Island,"1108122",{0F961E84-FFF0-4F16-9BBC-422F3620ED46},East Coast South Island,1345807.113818614045158,11081218286.227926254272461,"526","56.02",Low Plains,Canterbury Plains,490931.608240127097815,-6170979530.094689369201660,Ashley River/Rakahuri,"220",Ashley River,ECAN,3. Hāpua-type lagoon,3D. Intermittent,5209259.542000000365078,1577873.800000000046566,435.000000000000000,18117.000000000000000,1522496.000000000000000,0.000000000000000,1.000000000000000,761248.000000000000000,0.000000000000000,0.000000000000000,1309.000000000000000,1798778.000000000000000,"1",872.102222931480242,1577724.765499999746680,5208400.268600000068545,1577873.800109863281250,5209259.542114257812500
"593546",18722.117185521812644,2405488896.000000000000000,"13300005",,"0","443847","6",0.000000000000000,1.889556527140000,0.000000000000000,0.000000000000000,1468607.258600000292063,5095663.054700000211596,0.000000000000000,0.000000000000000,"0","0",0.000000000000000,"0","0","446761","604824",268.998094293999998,268.998094293505460,"1","13",Canterbury Region,56773.86937420000,44507.60389690000,"413",East Coast South Island,"1108122",{0F961E84-FFF0-4F16-9BBC-422F3620ED46},East Coast South Island,1345807.113818614045158,11081218286.227926254272461,"526","56.02",Low Plains,Canterbury Plains,490931.608240127097815,-6170979530.094689369201660,Opihi River,"221",Opihi River,ECAN,3. Hāpua-type lagoon,3C. Small,5095835.847000000067055,1468750.242000000085682,58.000000000000000,5868.000000000000000,160448.000000000000000,0.000000000000000,2.000000000000000,240672.000000000000000,0.000000000000000,0.000000000000000,2373.000000000000000,3003662.000000000000000,"1",224.279969533774221,1468607.258600000292063,5095663.054700000211596,1468750.242126464843750,5095835.847106933593750
"593565",38642.672263719148759,4039633920.000000000000000,"11100010",,"0","327680","7",0.000000000000000,0.000000000000000,0.000000000000000,0.000000000000000,1688429.788900000043213,5404887.170099999755621,0.000000000000000,0.000000000000000,"0","0",0.000000000000000,"0","0","604826","604827",368.332729807000021,368.332729806979273,"1","18",Marlborough Region,17688.85654050000,10457.65338400000,"417",South Cook Strait,"1225007",{479B38CE-D474-43FE-B5E7-85052860F2A7},South Cook Strait,2834755.738296909257770,12250066949.409322738647461,"469","41.01",Blenheim,Wairau,106028.078787473583361,-382193814.645529210567474,Wairau River,"222",Wairau River,MDC,6. Tidal river mouth,6B. Spit enclosed,5405233.793999999761581,1688673.918999999994412,246.000000000000000,107355.000000000000000,16056402.000000000000000,20.000000000000000,3.000000000000000,44539663.000000000000000,1.300000000000000,18842997.000000000000000,4165.000000000000000,8749566.000000000000000,"1",423.966726883441538,1688429.788900000043213,5404887.170099999755621,1688673.919128417968750,5405233.794128417968750
"593596",17866.278160582885903,504278912.000000000000000,"13300007",,"0","426828","6",0.000000000000000,7.643815040590000,0.000000000000000,0.000000000000000,1538565.311400000005960,5139848.050099999643862,0.000000000000000,0.000000000000000,"0","0",0.000000000000000,"0","0","436277","604833",279.179940378000026,279.179940377601724,"1","13",Canterbury Region,56773.86937420000,44507.60389690000,"413",East Coast South Island,"1108122",{0F961E84-FFF0-4F16-9BBC-422F3620ED46},East Coast South Island,1345807.113818614045158,11081218286.227926254272461,"526","56.02",Low Plains,Canterbury Plains,490931.608240127097815,-6170979530.094689369201660,Rakaia River,"223",Rakaia River,ECAN,3. Hāpua-type lagoon,3A. Large,5138903.968000000342727,1536619.772000000113621,142.000000000000000,11039.000000000000000,610016.000000000000000,0.000000000000000,2.000000000000000,915023.000000000000000,0.000000000000000,0.000000000000000,2861.000000000000000,8388015.000000000000000,"1",2162.501803807070246,1538565.311400000005960,5139848.050099999643862,1536619.772094726562500,5138903.968078613281250
"593614",51990.267884639251861,1174887936.000000000000000,"4170001",,"0","124017","7",0.000000000000000,0.000000000000000,0.000000000000000,0.000000000000000,1975437.972799999639392,5785748.530500000342727,0.000000000000000,0.000000000000000,"0","0",0.000000000000000,"0","0","85116","604841",542.278139655000018,542.278139655019118,"1","04",Bay of Plenty Region,21883.23701590000,12070.49744960000,"416",North Eastern,"3809993",{2399417F-F307-441B-9243-D0AE87325049},North Eastern,6140862.133905312046409,38099933256.712272644042969,"388","14.03",Opotiki,Whakatane,96592.302961009059800,-243762571.071729391813278,Waioeka River,"224",Waioeka River,BOPRC,7. Tidal lagoon,7A. Permanently open,5786501.635999999940395,1974530.064000000013039,306.000000000000000,26228.000000000000000,936377.999999999883585,14.000000000000000,3.000000000000000,3093189.000000000000000,1.700000000000000,1481683.000000000000000,1173.000000000000000,3793540.000000000000000,"1",1179.604293268455649,1975437.972799999639392,5785748.530500000342727,1974530.064086914062500,5786501.636108398437500
"427804",686393.259565253974870,452131296.000000000000000,"13158795",0.000000000000000,"0","426826","6",1104.920811640000011,9.805294990540000,3.557745695110000,1492194.385100000305101,1492928.263500000350177,5114967.774699999950826,5115725.582600000314415,1.244586656600000,"13062422","75083",0.392725263983000,"0","0","435943","436320",1463.956553799999938,1463.956553804776149,"1","13",Canterbury Region,56773.86937420000,44507.60389690000,"413",East Coast South Island,"1108122",{0F961E84-FFF0-4F16-9BBC-422F3620ED46},East Coast South Island,1345807.113818614045158,11081218286.227926254272461,"526","56.02",Low Plains,Canterbury Plains,490931.608240127097815,-6170979530.094689369201660,Hinds River,"225",no-match,ECAN,3. Hāpua-type lagoon,3B. Medium,5121583.540000000037253,1504508.195000000298023,1.000000000000000,2015.000000000000000,42258.000000000000000,0.000000000000000,2.000000000000000,63387.000000000000000,0.000000000000000,0.000000000000000,1655.000000000000000,3103659.000000000000000,"1",13336.535096139990856,1492928.263500000350177,5114967.774699999950826,1504508.195129394531250,5121583.540100098587573
"593620",53587.929573416331550,55032584.000000000000000,"7260002",,"0","239462","5",0.000000000000000,4.917045116420000,3.455192565920000,0.000000000000000,1789158.110800427850336,5528910.732860622927547,0.000000000000000,0.000000000000000,"0","0",0.000000000000000,"0","0","244056","604843",156.868127404000006,156.868127403695496,"1","08",Manawatu-Wanganui Region,25322.14256030000,22220.58999180000,"414",North Cook Strait,"1365584",{1BA1FA3D-1473-4ED8-AEB3-FC460A0E9711},North Cook Strait,1421796.417902318527922,13655837189.367370605468750,"425","31.02",Foxton,Manawatu,299669.699678189179394,-928777867.036831855773926,Kaikokopu Stream,"226",no-match,HRC,6. Tidal river mouth,6B. Spit enclosed,5536540.621000000275671,1789026.962000000057742,429.000000000000000,8515.000000000000000,393895.000000000058208,4.000000000000000,4.000000000000000,1690595.000000000000000,2.400000000000000,931087.000000000000000,3928.000000000000000,7749821.000000000000000,"1",7705.281784107158273,1789362.818199999630451,5528842.662399999797344,1789026.962097167968750,5536540.621093750000000
